2016-12-31,1730.0,56.31,30.73,49.17%,住宅大樓,1,4F/11F,0房2廳1衛,N
2016-12-31,1790.0,58.19,30.73,49.17%,住宅大樓,1,8F/11F,0房2廳1衛,N
2016-12-31,2150.0,54.81,39.22,59.69%,住宅大樓,6,6F/19F,3房2廳2衛,N
2016-12-31,1785.0,62.69,28.48,53.96%,住宅大樓,,3F/27F,,N
2016-12-30,530.0,36.19,14.63,62.75%,套房,21,6F/12F,1房1廳1衛,N
2016-12-30,2380.0,32.69,72.82,25.07%,華廈,24,1F/8F,5房2廳5衛,N
2016-12-29,530.0,38.59,13.73,44.72%,套房,21,1F/24F,1房1廳1衛,N
2016-12-29,868.0,34.69,24.98,100.00%,公寓,,3F/4F,2房1廳1衛,N
2016-12-28,1200.0,43.31,27.74,100.00%,公寓,45,3F/4F,3房2廳1衛,N
2016-12-28,2250.0,49.59,45.32,81.02%,華廈,30,6F/9F,4房2廳2衛,N
2016-12-28,350.0,23.59,14.86,81.29%,公寓,,1F/4F,3房1廳1衛,N
2016-12-27,3000.0,56.31,53.29,46.97%,華廈,5,5F/7F,4房2廳2衛,N
2016-12-27,420.0,16.8,24.97,78.88%,公寓,,5F/5F,2房2廳1衛,N
2016-12-26,820.0,33.41,24.53,70.15%,公寓,36,5F/5F,2房2廳2衛,N
2016-12-25,1436.0,44.31,32.42,71.48%,華廈,23,8F/9F,3房2廳2衛,N
2016-12-25,760.0,42.09,18.07,70.52%,華廈,33,7F/7F,2房1廳1衛,N
2016-12-25,1200.0,38.59,31.09,86.38%,公寓,,3F/5F,3房2廳2衛,N
2016-12-24,450.0,33.91,13.27,59.18%,套房,23,5F/5F,1房1廳1衛,N
2016-12-24,900.0,32.5,27.73,86.81%,公寓,34,2F/4F,3房2廳1衛,N
2016-12-24,1300.0,38.91,33.46,89.60%,公寓,40,4F/4F,3房2廳2衛,N
2016-12-23,1120.0,36.69,30.53,91.71%,公寓,,4F/5F,1房2廳1衛,N
2016-12-23,1000.0,44.09,22.69,100.00%,公寓,,2F/4F,3房2廳1衛,N
2016-12-21,1350.0,44.91,30.07,70.56%,華廈,33,7F/7F,3房2廳1衛,N
2016-12-20,630.0,23.5,26.81,91.87%,公寓,39,2F/4F,3房1廳1衛,N
2016-12-20,1200.0,36.41,33.0,69.66%,公寓,,4F/4F,3房2廳1衛,N
2016-12-20,365.0,42.59,8.58,72.38%,套房,16,9F/10F,1房0廳1衛,N
2016-12-20,650.0,20.5,31.71,85.31%,公寓,33,1F/5F,3房2廳1衛,N
2016-12-20,930.0,51.69,17.98,63.94%,住宅大樓,18,2F/11F,2房1廳1衛,N
2016-12-19,550.0,23.09,23.8,90.23%,公寓,34,4F/4F,3房1廳1衛,N
2016-12-19,1380.0,34.69,39.79,,公寓,35,5F/5F,3房2廳2衛,N
2016-12-19,465.0,17.2,27.02,88.00%,公寓,,5F/5F,3房2廳1衛,N
2016-12-19,1515.0,43.91,34.5,86.13%,公寓,36,2F/5F,3房2廳1衛,N
2016-12-17,1278.0,39.19,32.62,69.76%,住宅大樓,20,9F/17F,3房2廳2衛,N
2016-12-17,1180.0,27.2,43.45,43.25%,住宅大樓,22,9F/13F,2房2廳1衛,N
2016-12-17,1160.0,42.69,27.19,97.67%,公寓,37,4F/5F,2房2廳1衛,N
2016-12-16,1850.0,0.0,9.2,,透天厝,80,A/1F,2房2廳1衛,N
2016-12-15,510.0,60.31,8.45,58.50%,套房,23,3F/12F,1房1廳1衛,N
2016-12-15,1420.0,50.09,28.34,57.56%,住宅大樓,1,4F/12F,2房2廳1衛,N
2016-12-15,725.0,20.8,34.87,78.86%,華廈,23,2F/6F,3房1廳2衛,N
2016-12-14,1720.0,51.41,33.44,80.92%,公寓,35,"""停車場","1F/5F""",N
2016-12-13,1360.0,38.41,35.4,88.09%,公寓,,3F/5F,3房2廳2衛,N
2016-12-13,1500.0,55.41,27.08,63.88%,住宅大樓,23,9F/12F,1房2廳1衛,N
2016-12-13,658.0,20.3,32.42,77.58%,華廈,24,2F/6F,3房1廳2衛,N
2016-12-12,850.0,52.19,16.28,51.56%,華廈,12,4F/7F,2房1廳1衛,N
2016-12-12,850.0,52.19,16.28,51.56%,套房,12,2F/7F,1房1廳1衛,N
2016-12-12,1560.0,47.5,32.87,72.41%,華廈,33,8F/8F,3房2廳1衛,N
2016-12-12,1860.0,49.59,37.49,55.01%,住宅大樓,18,12F/16F,2房2廳1衛,N
2016-12-10,1320.0,42.09,31.38,49.77%,華廈,3,5F/7F,3房2廳1衛,N
2016-12-10,2220.0,49.19,45.11,77.67%,華廈,35,7F/7F,4房2廳2衛,N
2016-12-09,3600.0,0.0,15.87,,透天厝,49,A/2F,4房2廳2衛,N
2016-12-09,3660.0,0.0,16.53,,透天厝,49,A/2F,4房2廳2衛,N
2016-12-08,1080.0,49.0,22.04,85.82%,公寓,,1F/4F,4房1廳1衛,N
2016-12-08,916.0,52.5,17.43,47.02%,套房,15,7F/12F,1房1廳1衛,N
2016-12-08,1380.0,52.91,26.09,56.90%,住宅大樓,4,10F/14F,2房1廳1衛,N
2016-12-08,673.0,53.81,12.51,62.73%,套房,19,6F/10F,1房1廳1衛,N
2016-12-08,2500.0,83.81,29.82,100.00%,公寓,45,1F/4F,6房1廳3衛,N
2016-12-07,928.0,32.91,28.22,88.54%,公寓,,4F/4F,3房2廳2衛,N
2016-12-07,1190.0,44.59,26.68,100.00%,公寓,,3F/4F,3房2廳1衛,N
2016-12-05,920.0,31.7,29.04,74.61%,公寓,35,4F/5F,3房2廳2衛,N
2016-12-05,1000.0,42.31,23.63,89.64%,公寓,38,4F/5F,2房2廳1衛,N
2016-12-04,930.0,53.31,17.45,47.06%,套房,15,3F/12F,1房1廳1衛,N
2016-12-04,900.0,26.0,34.67,74.13%,公寓,35,3F/5F,3房2廳2衛,N
2016-12-04,1060.0,42.59,24.91,69.48%,華廈,33,2F/7F,2房2廳1衛,N
2016-12-04,765.0,54.91,13.94,66.83%,套房,10,5F/5F,1房1廳1衛,N
2016-12-03,1000.0,45.59,21.91,74.69%,華廈,22,7F/7F,2房2廳1衛,N
2016-12-03,1350.0,34.59,39.06,90.14%,公寓,30,2F/5F,4房2廳2衛,N
2016-12-03,470.0,52.41,8.97,55.72%,套房,23,5F/8F,1房1廳1衛,N
2016-12-02,750.0,31.41,23.87,80.17%,華廈,36,4F/5F,,N
2016-12-02,900.0,33.81,26.62,82.43%,公寓,32,3F/5F,3房2廳2衛,N
2016-12-01,1336.0,47.69,28.04,52.93%,華廈,8,4F/10F,2房1廳1衛,N
2016-12-01,829.7,27.8,29.82,85.25%,公寓,37,4F/5F,3房2廳2衛,N
2016-11-30,1100.0,28.09,39.1,68.35%,公寓,33,2F/5F,5房0廳5衛,N
2016-11-30,870.0,41.0,21.2,100.00%,公寓,45,3F/4F,3房1廳1衛,N
2016-11-29,1270.0,51.91,24.48,81.21%,公寓,40,4F/4F,7房0廳7衛,N
2016-11-28,1038.0,40.09,25.86,89.06%,公寓,36,4F/5F,3房2廳2衛,N
2016-11-28,490.0,27.0,18.15,100.00%,公寓,47,1F/3F,2房2廳1衛,N
2016-11-28,900.0,33.91,26.53,88.78%,公寓,34,5F/5F,3房2廳1衛,N
2016-11-28,970.0,32.31,30.07,84.34%,公寓,33,4F/5F,3房2廳1衛,N
2016-11-28,3366.0,110.69,30.4,,店面（店舖),37,1F/5F,0房1廳1衛,N
2016-11-27,1340.0,48.69,27.53,49.24%,住宅大樓,22,11F/13F,2房1廳1衛,N
2016-11-27,1580.0,40.41,39.1,67.79%,公寓,32,1F/5F,3房2廳2衛,N
2016-11-26,1065.0,40.81,26.13,80.53%,公寓,35,2F/5F,3房2廳1衛,N
2016-11-26,1230.0,57.59,21.35,69.77%,住宅大樓,20,3F/13F,2房2廳1衛,N
2016-11-26,1100.0,47.81,23.01,67.90%,住宅大樓,19,5F/11F,2房2廳1衛,N
2016-11-25,1490.0,46.5,32.05,100.00%,公寓,49,4F/4F,5房3廳2衛,N
2016-11-25,700.0,42.81,16.34,50.81%,套房,9,5F/5F,1房1廳1衛,N
2016-11-25,1160.0,45.59,25.45,88.44%,公寓,,4F/4F,3房2廳1衛,N
2016-11-24,1310.0,47.81,27.39,67.36%,華廈,19,6F/10F,5房2廳1衛,N
2016-11-24,462.0,16.3,28.37,100.00%,公寓,,3F/3F,3房1廳1衛,N
2016-11-23,1800.0,46.59,38.61,78.54%,公寓,45,2F/4F,3房2廳2衛,N
2016-11-22,427.0,15.2,28.14,86.90%,公寓,34,1F/4F,4房1廳4衛,N
2016-11-22,1050.0,34.5,30.45,75.34%,公寓,33,3F/5F,3房2廳1衛,N
2016-11-21,220.0,35.41,6.21,89.33%,公寓,,4F/4F,3房2廳1衛,N
2016-11-20,1000.0,35.81,27.96,74.26%,公寓,32,1F/5F,2房1廳1衛,N
2016-11-20,470.0,52.41,8.97,55.72%,套房,23,5F/8F,1房1廳1衛,N
2016-11-20,1490.0,39.91,37.39,73.50%,公寓,35,5F/5F,4房0廳4衛,N
2016-11-19,720.0,45.69,15.75,52.98%,住宅大樓,22,16F/18F,1房2廳1衛,N
2016-11-18,1879.0,81.31,23.12,57.31%,住宅大樓,,5F/17F,2房1廳1衛,N
2016-11-16,1200.0,47.81,25.12,88.18%,公寓,,1F/4F,3房2廳2衛,N
2016-11-16,880.0,30.09,29.25,86.12%,公寓,,2F/4F,6房0廳2衛,N
2016-11-15,1063.0,45.09,23.58,72.03%,公寓,,"""停車場","1F/5F""",N
2016-11-15,663.3,23.8,27.84,78.70%,公寓,,2F/4F,3房2廳1衛,N
2016-11-13,1930.0,48.41,39.88,55.41%,華廈,11,9F/10F,3房2廳2衛,N
2016-11-13,1340.0,62.69,21.38,54.09%,住宅大樓,,8F/27F,,N
2016-11-13,1020.0,37.19,27.39,83.81%,公寓,,4F/4F,2房2廳2衛,N
2016-11-13,720.0,42.69,16.85,61.91%,套房,13,2F/14F,1房1廳1衛,N
2016-11-13,1918.0,38.19,50.24,74.49%,華廈,35,6F/7F,3房2廳2衛,N
2016-11-12,1148.0,31.8,36.12,75.14%,公寓,37,5F/5F,3房2廳1衛,N
2016-11-12,460.0,50.19,9.17,54.22%,套房,6,2F/10F,1房0廳1衛,N
2016-11-11,835.0,50.81,16.45,65.14%,套房,13,10F/14F,1房1廳1衛,N
2016-11-11,730.0,54.69,13.35,62.35%,套房,8,6F/10F,1房1廳1衛,N
2016-11-11,1115.0,64.38,17.32,47.11%,套房,7,2F/9F,1房1廳1衛,N
2016-11-11,450.0,19.2,23.47,91.16%,公寓,40,3F/4F,2房2廳1衛,N
2016-11-11,1200.0,53.69,22.34,60.05%,住宅大樓,13,14F/14F,2房1廳1衛,N
2016-11-11,1550.0,53.19,29.15,56.82%,華廈,4,7F/10F,2房1廳1衛,N
2016-11-09,640.0,25.2,25.38,100.00%,公寓,45,4F/4F,3房2廳1衛,N
2016-11-09,857.0,32.59,26.31,93.42%,公寓,37,2F/4F,3房1廳1衛,N
2016-11-08,818.0,52.69,15.53,69.32%,套房,21,3F/16F,2房1廳1衛,N
2016-11-08,820.0,28.2,29.04,74.61%,公寓,35,3F/5F,3房1廳1衛,N
2016-11-08,1150.0,36.41,31.56,76.87%,公寓,33,4F/4F,3房1廳2衛,N
2016-11-08,1498.0,45.81,32.72,73.05%,華廈,22,7F/7F,3房2廳2衛,N
2016-11-07,880.0,31.8,27.67,88.16%,公寓,43,2F/4F,3房2廳1衛,N
2016-11-07,1510.0,37.0,40.81,75.26%,公寓,,4F/5F,3房2廳2衛,N
2016-11-07,587.3,23.41,25.14,83.08%,公寓,,1F/4F,3房2廳2衛,N
2016-11-06,1140.0,32.81,34.78,78.78%,公寓,27,3F/5F,3房1廳1衛,N
2016-11-06,1030.0,40.31,25.53,66.13%,住宅大樓,19,11F/11F,1房1廳1衛,N
2016-11-05,1095.0,60.09,18.23,48.85%,住宅大樓,1,11F/11F,0房2廳1衛,N
2016-11-04,1150.0,31.3,36.74,73.36%,公寓,27,5F/5F,3房2廳2衛,N
2016-11-04,2300.0,0.0,41.57,,透天厝,,A/2F,6房4廳2衛,N
2016-11-03,1470.0,45.91,32.03,64.57%,住宅大樓,20,7F/13F,3房2廳2衛,N
2016-11-02,600.0,49.19,12.19,54.55%,套房,20,5F/8F,2房1廳1衛,N
2016-11-02,1330.0,41.09,32.37,86.88%,公寓,,3F/4F,3房2廳2衛,N
2016-11-02,400.0,12.5,31.88,74.82%,華廈,33,5F/7F,3房1廳2衛,N
2016-11-02,1215.0,40.41,30.07,70.56%,華廈,33,3F/7F,3房2廳1衛,N
2016-11-01,800.0,23.41,34.18,86.56%,公寓,35,3F/4F,3房2廳2衛,N
2016-10-31,760.0,49.69,15.29,52.51%,套房,22,15F/18F,1房1廳1衛,N
2016-10-31,950.0,27.8,34.19,80.68%,公寓,,5F/5F,2房2廳2衛,N
2016-10-30,2160.0,49.5,43.67,77.16%,華廈,27,6F/10F,4房2廳2衛,N
2016-10-30,2000.0,53.31,37.49,55.01%,住宅大樓,18,1F/16F,3房2廳2衛,N
2016-10-29,1655.0,61.0,27.13,62.75%,住宅大樓,6,5F/19F,2房2廳2衛,N
2016-10-28,1320.0,47.81,27.62,90.73%,公寓,36,2F/5F,3房2廳2衛,N
2016-10-28,1350.0,31.8,42.43,55.33%,住宅大樓,13,11F/12F,3房1廳2衛,N
2016-10-27,970.0,18.41,52.77,43.36%,住宅大樓,14,13F/14F,4房1廳2衛,N
2016-10-26,1510.0,51.09,29.58,57.38%,住宅大樓,1,5F/12F,2房2廳1衛,N
2016-10-26,1600.0,64.0,25.01,64.24%,住宅大樓,6,9F/19F,2房1廳1衛,N
2016-10-26,1050.1,17.8,59.04,100.00%,公寓,,1F/2F,4房2廳1衛,N
2016-10-25,750.0,16.3,45.9,55.76%,住宅大樓,19,11F/16F,3房2廳1衛,N
2016-10-25,15.0,2.8,5.27,82.14%,公寓,,5F/5F,3房2廳1衛,N
2016-10-25,596.0,36.91,16.14,58.19%,套房,9,1F/5F,1房1廳1衛,N
2016-10-25,1300.0,45.41,28.6,68.21%,住宅大樓,33,4F/12F,3房2廳1衛,N
2016-10-25,643.0,67.88,9.47,53.71%,套房,7,6F/7F,1房0廳1衛,N
2016-10-24,790.0,49.19,16.04,65.00%,套房,13,8F/14F,1房1廳1衛,N
2016-10-24,755.0,50.41,14.99,63.67%,套房,33,4F/7F,1房1廳1衛,N
2016-10-24,1325.0,45.31,29.28,62.83%,住宅大樓,21,11F/13F,3房2廳2衛,N
2016-10-23,1070.0,37.69,28.37,100.00%,公寓,47,2F/3F,3房2廳1衛,N
2016-10-23,1368.0,38.31,35.72,84.30%,公寓,35,4F/5F,3房2廳2衛,N
2016-10-22,950.0,47.09,20.17,67.41%,公寓,,4F/5F,2房2廳1衛,N
2016-10-22,585.0,70.31,8.32,51.42%,套房,8,8F/10F,1房1廳1衛,N
2016-10-22,2150.0,42.31,50.85,100.00%,公寓,48,3F/4F,7房0廳7衛,N
2016-10-22,2000.0,72.31,27.65,100.00%,公寓,,1F/4F,3房2廳2衛,N
2016-10-21,1128.0,36.69,30.7,76.29%,公寓,28,2F/5F,3房2廳2衛,N
2016-10-21,1150.0,39.0,29.49,91.17%,公寓,,1F/5F,3房1廳2衛,N
2016-10-20,1350.0,51.09,26.41,80.14%,公寓,33,5F/5F,3房2廳2衛,N
2016-10-19,1120.0,46.41,24.14,36.26%,套房,1,7F/7F,1房1廳1衛,N
2016-10-19,1300.0,46.31,28.11,100.00%,公寓,,4F/4F,3房2廳2衛,N
2016-10-19,1050.0,28.3,37.11,76.06%,公寓,,5F/5F,2房2廳2衛,N
2016-10-19,2600.0,34.31,75.86,45.71%,公寓,28,1F/4F,3房2廳2衛,N
2016-10-18,880.0,28.5,30.9,86.86%,公寓,33,5F/5F,3房2廳2衛,N
2016-10-17,1220.0,39.09,31.23,82.46%,公寓,33,1F/5F,3房2廳2衛,N
2016-10-16,1050.0,30.2,34.79,65.44%,住宅大樓,20,2F/17F,3房2廳1衛,N
2016-10-16,1314.0,44.91,29.25,87.46%,公寓,36,3F/5F,3房2廳2衛,N
2016-10-16,780.0,48.0,16.24,72.60%,華廈,24,5F/6F,1房1廳1衛,N
2016-10-16,1250.0,60.81,20.54,54.03%,住宅大樓,,3F/27F,,N
2016-10-13,900.0,19.2,46.98,57.33%,住宅大樓,19,1F/16F,3房2廳2衛,N
2016-10-12,1529.4,60.0,25.49,58.42%,住宅大樓,4,10F/15F,3房2廳2衛,N
2016-10-12,1900.0,44.81,42.42,69.56%,華廈,22,2F/7F,2房2廳1衛,N
2016-10-12,860.0,32.81,26.24,74.71%,公寓,33,5F/5F,2房2廳1衛,N
2016-10-10,465.0,45.41,10.25,76.47%,套房,24,4F/5F,1房0廳1衛,N
2016-10-09,1170.0,23.8,49.22,56.59%,公寓,17,3F/3F,3房2廳2衛,N
2016-10-09,1280.0,54.0,23.71,81.03%,公寓,39,3F/4F,3房2廳2衛,N
2016-10-09,1100.0,35.31,31.2,90.11%,公寓,,4F/4F,3房2廳2衛,N
2016-10-09,1238.0,41.5,29.84,87.50%,公寓,37,4F/5F,3房2廳2衛,N
2016-10-08,1020.0,44.31,23.02,67.94%,住宅大樓,19,3F/11F,2房2廳1衛,N
2016-10-08,563.0,41.0,13.73,44.72%,套房,21,6F/24F,1房0廳1衛,N
2016-10-08,1620.0,43.09,37.56,82.76%,公寓,,4F/5F,4房2廳2衛,N
2016-10-06,900.0,27.3,32.92,58.72%,公寓,20,2F/5F,2房1廳1衛,N
2016-10-06,900.0,39.81,22.59,88.89%,公寓,,1F/4F,4房0廳2衛,N
2016-10-05,450.0,49.09,9.17,54.22%,套房,6,2F/10F,1房1廳1衛,N
2016-10-05,2000.0,88.62,22.58,,店面（店舖),,1F/1F,,N
2016-10-04,770.0,54.31,14.19,82.91%,公寓,,1F/4F,3房1廳1衛,N
2016-10-04,850.0,38.0,22.36,87.24%,公寓,,4F/4F,3房2廳2衛,N
2016-10-03,1155.0,38.0,30.36,70.57%,華廈,33,4F/7F,3房2廳2衛,N
2016-10-03,1125.0,37.69,29.84,85.29%,公寓,35,5F/5F,3房2廳2衛,N
2016-10-03,252.0,20.09,12.52,75.11%,套房,43,1F/4F,1房1廳1衛,N
2016-10-03,630.0,22.3,28.22,79.46%,公寓,34,2F/5F,3房2廳2衛,N
2016-10-02,965.0,27.8,34.66,74.14%,公寓,35,2F/5F,3房2廳2衛,N
2016-10-02,1320.0,47.5,27.81,67.17%,華廈,16,7F/10F,3房1廳1衛,N
2016-10-01,800.0,16.3,49.04,54.12%,公寓,32,1F/5F,4房2廳2衛,N
2016-10-01,1188.0,58.91,20.16,67.19%,華廈,10,8F/10F,1房2廳1衛,N
2016-09-30,1200.0,39.91,30.09,60.31%,華廈,32,7F/7F,3房2廳1衛,N
2016-09-30,1680.0,40.0,42.04,86.26%,公寓,49,3F/3F,8房0廳1衛,N
2016-09-30,1563.0,39.69,39.37,85.05%,公寓,35,1F/5F,3房2廳2衛,N
2016-09-30,1300.0,33.0,39.37,85.05%,公寓,35,2F/5F,2房1廳3衛,N
2016-09-30,1635.0,61.19,26.7,100.00%,公寓,,一層/--,3房2廳2衛,N
2016-09-29,1500.0,50.91,29.46,74.29%,公寓,32,1F/5F,4房2廳2衛,N
2016-09-29,1980.0,44.91,44.05,75.80%,華廈,35,5F/7F,4房2廳2衛,N
2016-09-28,480.6,13.9,34.6,82.19%,公寓,33,2F/5F,3房2廳2衛,N
2016-09-28,1434.0,49.0,29.27,87.03%,公寓,34,1F/4F,3房2廳1衛,N
2016-09-26,1300.0,31.5,41.31,54.96%,華廈,13,5F/10F,3房2廳2衛,N
2016-09-25,1158.0,39.41,29.4,74.81%,華廈,36,6F/7F,3房2廳1衛,N
2016-09-25,1030.0,22.09,46.5,56.75%,住宅大樓,19,5F/16F,3房2廳1衛,N
2016-09-24,2050.0,52.41,39.13,72.22%,住宅大樓,14,4F/14F,3房2廳2衛,N
2016-09-24,1550.0,50.69,30.58,77.30%,公寓,33,1F/5F,3房2廳2衛,N
2016-09-23,908.0,38.81,23.41,94.61%,公寓,34,4F/5F,3房1廳1衛,N
2016-09-22,1225.0,62.19,19.69,52.76%,住宅大樓,,6F/27F,,N
2016-09-22,1200.0,41.0,29.26,70.51%,住宅大樓,21,5F/14F,3房1廳1衛,N
2016-09-20,1535.0,40.31,38.12,78.49%,住宅大樓,26,6F/13F,3房2廳2衛,N
2016-09-20,2500.0,41.59,60.03,55.07%,公寓,26,5F/5F,3房2廳2衛,N
2016-09-20,5000.0,43.41,115.24,61.67%,住宅大樓,2,2F/26F,1房0廳2衛,N
2016-09-19,815.0,24.8,32.86,86.50%,公寓,,1F/5F,3房2廳2衛,N
2016-09-19,1100.0,49.59,22.19,87.86%,公寓,,5F/5F,5房0廳5衛,N
2016-09-19,1336.0,34.69,38.55,64.00%,公寓,22,4F/5F,3房2廳2衛,N
2016-09-19,1200.0,34.59,34.68,60.63%,華廈,32,2F/7F,3房2廳2衛,N
2016-09-18,970.0,31.91,30.41,86.64%,公寓,36,5F/5F,5房2廳2衛,N
2016-09-18,1258.0,42.31,29.73,62.85%,華廈,21,7F/7F,2房2廳2衛,N
2016-09-14,1580.0,36.19,43.65,78.11%,公寓,33,2F/5F,3房2廳1衛,N
2016-09-13,1250.0,49.81,25.1,87.61%,公寓,,2F/4F,2房2廳1衛,N
2016-09-12,1180.0,36.19,32.6,76.45%,公寓,33,4F/5F,3房2廳2衛,N
2016-09-12,620.0,53.81,11.52,54.08%,套房,7,10F/15F,1房1廳1衛,N
2016-09-12,520.0,43.91,11.85,65.25%,套房,22,3F/9F,1房1廳1衛,N
2016-09-11,1360.0,36.81,36.91,90.61%,公寓,,4F/4F,3房2廳2衛,N
2016-09-11,1300.0,48.41,26.87,90.10%,公寓,34,5F/5F,3房2廳1衛,N
2016-09-11,1818.0,48.5,37.47,54.92%,住宅大樓,18,4F/16F,3房2廳2衛,N
2016-09-10,200.0,8.4,23.82,59.54%,華廈,22,3F/9F,2房1廳1衛,N
2016-09-09,660.5,27.3,24.15,86.25%,公寓,,4F/4F,3房2廳1衛,N
2016-09-09,2022.0,51.5,39.23,58.42%,住宅大樓,4,8F/14F,3房2廳2衛,N
2016-09-07,1587.0,48.19,32.92,83.88%,公寓,,2F/4F,4房2廳3衛,N
2016-09-07,6000.0,0.0,64.23,,透天厝,,A/2F,4房2廳3衛,N
2016-09-06,1280.0,43.69,29.32,86.86%,公寓,37,4F/5F,3房2廳2衛,N
2016-09-06,1950.0,34.69,56.17,54.58%,住宅大樓,20,13F/16F,3房2廳2衛,N
2016-09-05,1470.0,57.69,25.47,88.92%,公寓,37,5F/5F,4房0廳4衛,N
2016-09-04,1950.0,44.31,44.05,75.80%,華廈,35,6F/7F,4房2廳2衛,N
2016-09-04,1100.0,51.0,21.57,61.52%,住宅大樓,22,11F/14F,2房1廳1衛,N
2016-09-04,720.0,53.31,13.51,68.99%,套房,25,3F/6F,1房1廳1衛,N
2016-09-03,1480.0,44.31,33.4,47.28%,華廈,2,5F/7F,2房2廳1衛,N
2016-09-03,1045.0,46.91,22.26,81.36%,公寓,36,1F/4F,6房0廳6衛,N
2016-09-02,1050.0,43.09,24.36,100.00%,公寓,,4F/4F,3房2廳1衛,N
2016-09-02,1080.0,53.81,20.09,67.42%,住宅大樓,16,15F/18F,2房1廳1衛,N
2016-09-02,2350.0,57.09,41.19,72.91%,華廈,33,7F/7F,5房2廳3衛,N
2016-09-02,950.0,33.81,28.11,,公寓,,3F/4F,3房2廳2衛,N
2016-09-02,750.0,29.8,25.19,88.62%,公寓,,3F/5F,3房1廳1衛,N
2016-09-02,1125.0,44.09,25.53,77.33%,華廈,25,2F/6F,3房2廳2衛,N
2016-09-02,850.5,25.2,33.73,72.57%,住宅大樓,19,10F/13F,2房1廳1衛,N
2016-09-01,1396.0,49.19,28.36,69.74%,華廈,23,2F/5F,3房2廳1衛,N
2016-08-30,450.0,32.91,13.69,36.77%,套房,21,1F/7F,1房1廳1衛,N
2016-08-30,770.0,26.5,29.04,85.67%,公寓,,4F/4F,3房2廳1衛,N
2016-08-30,600.0,28.0,21.44,62.90%,住宅大樓,22,8F/13F,2房1廳1衛,N
2016-08-30,518.0,68.0,7.62,44.64%,套房,8,8F/10F,1房1廳1衛,N
2016-08-29,582.0,41.91,13.9,44.17%,套房,21,9F/24F,1房1廳1衛,N
2016-08-29,2490.0,47.41,52.49,49.77%,華廈,6,2F/10F,3房2廳2衛,N
2016-08-29,960.0,36.59,26.24,74.71%,公寓,33,4F/5F,3房2廳1衛,N
2016-08-28,2150.0,67.12,32.04,55.41%,住宅大樓,3,7F/15F,2房1廳1衛,N
2016-08-28,1440.0,49.91,28.85,50.81%,華廈,2,1F/7F,2房2廳1衛,N
2016-08-28,910.0,57.19,15.92,59.10%,套房,12,7F/9F,1房1廳1衛,N
2016-08-28,1188.0,48.91,24.3,100.00%,公寓,45,"""3F/4F""",3房2廳1衛,N
2016-08-27,1255.0,61.09,20.54,54.03%,住宅大樓,,2F/27F,,N
2016-08-25,998.0,47.0,21.22,100.00%,公寓,,2F/3F,3房1廳2衛,N
2016-08-25,375.0,41.81,8.97,55.72%,套房,23,5F/8F,1房0廳1衛,N
2016-08-25,375.0,41.81,8.97,55.72%,套房,23,5F/8F,,N
2016-08-24,880.0,49.41,17.8,70.43%,華廈,33,4F/7F,2房1廳1衛,N
2016-08-24,1220.0,42.41,28.75,80.64%,公寓,,3F/5F,3房2廳2衛,N
2016-08-23,1601.0,60.91,26.27,53.43%,住宅大樓,,3F/27F,,N
2016-08-21,750.0,32.0,23.42,82.20%,華廈,36,4F/5F,,N
2016-08-21,1388.0,53.09,26.15,67.47%,住宅大樓,22,13F/15F,2房1廳1衛,N
2016-08-21,806.0,27.7,29.15,91.97%,公寓,33,4F/5F,3房2廳2衛,N
2016-08-21,1800.0,42.69,42.13,89.88%,公寓,,3F/5F,4房2廳2衛,N
2016-08-21,890.0,39.41,22.58,66.07%,住宅大樓,33,9F/12F,2房2廳1衛,N
2016-08-20,1380.0,43.09,32.05,100.00%,公寓,48,3F/4F,3房2廳2衛,N
2016-08-20,742.0,65.0,11.42,58.28%,套房,7,4F/7F,1房0廳1衛,N
2016-08-20,1200.0,39.91,30.07,94.29%,公寓,,3F/5F,3房2廳2衛,N
2016-08-20,780.0,58.81,13.27,77.06%,套房,22,8F/8F,1房1廳1衛,N
2016-08-20,1166.0,34.41,33.91,74.09%,公寓,33,5F/5F,4房1廳1衛,N
2016-08-19,1200.0,20.59,58.13,53.47%,住宅大樓,6,4F/14F,3房2廳2衛,N
2016-08-19,1100.0,37.5,29.34,95.08%,公寓,,3F/5F,3房2廳1衛,N
2016-08-19,505.0,57.31,8.82,78.19%,套房,33,1F/5F,1房1廳1衛,N
2016-08-18,1250.0,43.81,28.53,84.40%,公寓,28,3F/5F,3房2廳1衛,N
2016-08-18,886.0,34.41,25.79,93.28%,公寓,36,2F/5F,5房0廳5衛,N
2016-08-17,1550.0,49.0,31.66,60.93%,華廈,19,2F/7F,3房2廳2衛,N
2016-08-16,1400.0,42.0,33.31,83.39%,公寓,,4F/4F,3房2廳1衛,N
2016-08-16,1650.0,50.69,32.51,52.81%,華廈,2,5F/7F,2房2廳2衛,N
2016-08-16,1220.0,33.41,36.54,89.81%,公寓,36,5F/5F,3房2廳2衛,N
2016-08-15,1420.0,60.41,23.53,83.26%,公寓,,1F/4F,3房1廳1衛,N
2016-08-14,1041.0,0.0,29.48,,透天厝,,A/2F,5房3廳3衛,N
2016-08-13,730.0,56.09,13.01,57.41%,套房,8,6F/10F,1房1廳1衛,N
2016-08-12,888.0,40.31,22.04,69.11%,住宅大樓,20,7F/17F,2房2廳1衛,N
2016-08-12,900.0,59.19,15.2,100.00%,公寓,,3F/4F,,N
2016-08-11,865.0,42.09,20.57,88.68%,公寓,,4F/5F,2房2廳1衛,N
2016-08-10,1690.0,55.0,30.73,49.17%,住宅大樓,,6F/11F,0房2廳1衛,N
2016-08-09,1430.0,60.0,23.84,51.53%,住宅大樓,,10F/11F,0房2廳1衛,N
2016-08-08,838.0,30.3,27.7,86.27%,公寓,37,4F/4F,5房2廳2衛,N
2016-08-08,838.0,30.7,27.31,86.19%,公寓,37,4F/4F,,N
2016-08-08,1000.0,36.41,27.47,97.28%,公寓,,3F/5F,2房1廳1衛,N
2016-08-08,1800.0,67.12,26.83,84.30%,公寓,36,1F/4F,4房2廳2衛,N
2016-08-08,1010.0,0.0,29.89,,透天厝,,A/3F,3房4廳4衛,N
2016-08-07,1400.0,47.81,29.27,71.18%,華廈,24,5F/6F,3房2廳2衛,N
2016-08-07,1050.0,52.91,19.83,73.15%,住宅大樓,21,14F/18F,2房2廳1衛,N
2016-08-07,1790.0,58.0,30.86,48.97%,住宅大樓,,7F/11F,0房2廳1衛,N
2016-08-06,1588.0,48.0,33.09,63.66%,華廈,22,3F/6F,2房2廳2衛,N
2016-08-06,696.0,34.19,20.36,56.48%,華廈,21,6F/7F,2房0廳2衛,N
2016-08-05,606.0,52.41,11.57,64.30%,套房,22,6F/15F,1房1廳1衛,N
2016-08-04,1190.0,45.5,26.16,74.36%,華廈,21,9F/10F,2房2廳1衛,N
2016-08-04,1250.0,29.91,41.81,88.25%,公寓,33,1F/5F,3房2廳2衛,N
2016-08-04,960.0,33.69,28.53,76.13%,公寓,25,3F/5F,2房2廳2衛,N
2016-08-04,790.0,25.7,30.76,86.87%,公寓,,3F/4F,3房1廳1衛,N
2016-08-02,650.0,22.59,28.7,83.94%,公寓,,4F/4F,3房2廳1衛,N
2016-08-02,830.0,50.09,16.57,52.35%,住宅大樓,22,6F/18F,1房2廳1衛,N
2016-08-01,2300.0,0.0,39.63,,透天厝,,A/2F,4房2廳2衛,N
2016-08-01,608.0,46.41,13.09,60.00%,套房,13,10F/14F,1房1廳1衛,N
2016-08-01,375.0,41.81,8.97,55.72%,套房,23,5F/8F,1房0廳1衛,N
2016-08-01,375.0,41.81,8.97,55.72%,套房,23,5F/8F,1房0廳0衛,N
2016-07-31,1020.0,55.09,18.52,60.87%,住宅大樓,14,8F/12F,3房1廳1衛,N
2016-07-31,1512.0,39.0,38.81,79.34%,華廈,22,3F/7F,4房2廳2衛,N
2016-07-31,988.0,54.31,18.18,72.96%,華廈,21,3F/8F,1房2廳1衛,N
2016-07-30,1450.0,47.0,30.82,86.64%,公寓,48,3F/4F,3房2廳1衛,N
2016-07-30,1350.0,63.81,21.18,100.00%,公寓,47,1F/4F,3房2廳1衛,N
2016-07-30,1658.0,53.31,31.09,86.38%,公寓,34,1F/5F,3房1廳2衛,N
2016-07-30,1300.0,43.31,30.03,100.00%,公寓,,3F/4F,3房2廳1衛,N
2016-07-29,1250.0,43.5,28.71,85.24%,公寓,,3F/5F,3房2廳2衛,N
2016-07-29,1200.0,33.09,36.2,85.65%,公寓,34,4F/5F,3房2廳2衛,N
2016-07-28,842.0,46.0,18.3,61.16%,套房,13,3F/14F,1房1廳1衛,N
2016-07-28,850.0,59.0,14.41,65.37%,公寓,32,5F/5F,3房2廳2衛,N
2016-07-27,1165.0,28.41,41.08,93.74%,公寓,33,3F/5F,4房2廳2衛,N
2016-07-27,1500.0,39.59,37.89,89.06%,公寓,30,2F/5F,3房2廳2衛,N
2016-07-26,1388.0,61.0,22.74,53.15%,住宅大樓,,3F/27F,,N
2016-07-26,938.0,46.81,20.05,53.55%,住宅大樓,22,10F/18F,2房1廳1衛,N
2016-07-26,1488.0,62.41,23.86,69.48%,住宅大樓,22,2F/14F,2房2廳1衛,N
2016-07-26,300.0,24.3,12.34,100.00%,華廈,46,3F/6F,3房2廳1衛,N
2016-07-25,850.0,47.69,17.8,62.96%,住宅大樓,19,3F/14F,2房1廳1衛,N
2016-07-24,790.0,36.41,21.71,100.00%,公寓,,3F/3F,3房1廳1衛,N
2016-07-24,1080.0,31.59,34.22,,其他,36,4F/6F,3房2廳2衛,N
2016-07-23,1500.0,40.59,36.91,90.61%,公寓,,4F/4F,5房0廳5衛,N
2016-07-22,688.0,57.5,11.96,44.55%,套房,6,9F/10F,1房1廳1衛,N
2016-07-21,1335.0,49.69,26.84,63.92%,住宅大樓,20,5F/13F,2房2廳1衛,N
2016-07-20,4950.0,128.25,38.59,79.60%,公寓,37,1F/2F,1房1廳1衛,N
2016-07-20,609.0,18.0,33.8,77.90%,公寓,35,3F/5F,3房1廳1衛,N
2016-07-19,1088.0,42.0,25.91,100.00%,公寓,,3F/3F,2房1廳1衛,N
2016-07-19,637.9,55.59,11.47,100.00%,公寓,,1F/4F,3房2廳1衛,N
2016-07-17,1835.0,48.91,37.49,55.01%,住宅大樓,17,14F/15F,3房2廳2衛,N
2016-07-16,1190.0,38.41,31.0,87.55%,公寓,,5F/5F,3房2廳2衛,N
2016-07-16,1234.0,61.59,20.03,53.88%,住宅大樓,,3F/27F,,N
2016-07-16,820.0,47.59,17.21,71.44%,住宅大樓,20,1F/17F,2房2廳1衛,N
2016-07-16,1323.0,47.5,27.83,100.00%,公寓,,4F/4F,3房2廳1衛,N
2016-07-16,800.0,41.5,19.28,100.00%,公寓,,3F/4F,3房2廳1衛,N
2016-07-16,1620.0,45.81,35.4,85.69%,華廈,27,4F/5F,3房2廳2衛,N
2016-07-15,1150.0,49.0,23.46,66.69%,住宅大樓,19,8F/11F,2房2廳1衛,N
2016-07-15,760.0,33.81,22.49,83.80%,住宅大樓,19,3F/13F,2房2廳1衛,N
2016-07-15,1250.0,62.41,20.03,53.88%,住宅大樓,,3F/27F,,N
2016-07-15,2000.0,0.0,63.59,,透天厝,35,A/2F,5房3廳3衛,N
2016-07-14,653.0,71.0,9.19,55.64%,套房,8,5F/10F,1房1廳1衛,N
2016-07-14,930.0,37.09,25.08,76.90%,公寓,35,3F/5F,2房2廳1衛,N
2016-07-14,1500.0,0.0,28.38,,透天厝,,A/2F,5房2廳2衛,N
2016-07-13,95.0,0.0,4.55,,透天厝,,A/2F,4房1廳3衛,N
2016-07-13,950.0,38.59,24.61,100.00%,公寓,,3F/4F,3房2廳1衛,N
2016-07-13,1580.0,0.0,27.78,,透天厝,,A/2F,3房2廳2衛,N
2016-07-12,550.0,48.0,11.45,52.71%,套房,8,7F/10F,1房1廳1衛,N
2016-07-12,940.0,41.59,22.58,66.07%,住宅大樓,33,6F/12F,2房1廳1衛,N
2016-07-12,1100.0,45.81,24.04,34.15%,住宅大樓,14,4F/12F,2房1廳1衛,N
2016-07-11,381.3,23.2,16.46,86.79%,公寓,36,3F/5F,3房1廳2衛,N
2016-07-11,740.0,65.19,11.34,64.77%,套房,22,4F/12F,1房1廳1衛,N
2016-07-11,1250.0,41.91,29.81,89.75%,公寓,36,5F/5F,3房2廳2衛,N
2016-07-11,800.0,0.0,11.27,,透天厝,21,A/2F,1房1廳1衛,N
2016-07-11,1000.0,48.31,20.69,100.00%,公寓,43,3F/4F,3房1廳1衛,N
2016-07-11,2020.0,66.0,30.59,100.00%,公寓,,1F/3F,3房2廳1衛,N
2016-07-10,1310.0,47.31,27.7,55.85%,住宅大樓,11,6F/12F,2房2廳1衛,N
2016-07-09,1050.0,38.5,27.26,85.97%,公寓,29,5F/5F,3房2廳2衛,N
2016-07-07,1788.0,47.59,37.6,65.24%,公寓,34,1F/5F,3房2廳2衛,N
2016-07-06,1020.0,33.31,30.65,70.09%,住宅大樓,33,8F/12F,3房2廳1衛,N
2016-07-06,1536.0,43.91,35.01,86.77%,華廈,,4F/7F,3房2廳2衛,N
2016-07-06,880.0,18.91,46.5,56.75%,住宅大樓,19,11F/16F,3房2廳2衛,N
2016-07-06,1215.0,39.69,30.61,86.17%,公寓,,3F/4F,3房2廳2衛,N
2016-07-06,1000.0,47.81,20.91,64.35%,住宅大樓,24,8F/12F,3房2廳2衛,N
2016-07-05,686.0,26.2,26.22,81.88%,公寓,33,地下1F/3F,4房1廳1衛,N
2016-07-04,2080.0,59.69,34.83,87.74%,公寓,39,1F/4F,2房2廳2衛,N
2016-07-02,400.0,31.91,12.53,64.71%,套房,20,15F/17F,1房1廳1衛,N
2016-07-01,850.0,32.5,26.16,92.24%,公寓,36,3F/5F,3房0廳3衛,N
2016-07-01,2310.0,67.5,34.23,,店面（店舖),21,1F/11F,,N
2016-07-01,980.0,43.69,22.42,88.99%,公寓,,3F/5F,3房2廳1衛,N
2016-07-01,1530.0,46.0,33.23,89.60%,公寓,36,3F/5F,3房2廳2衛,N
2016-07-01,790.0,27.91,28.33,87.46%,公寓,,5F/5F,3房1廳1衛,N
2016-06-30,2350.0,43.5,54.05,53.42%,住宅大樓,6,10F/14F,3房2廳2衛,N
2016-06-30,1268.0,39.59,32.04,80.11%,公寓,26,3F/5F,3房2廳2衛,N
2016-06-30,1848.0,43.69,42.3,87.61%,公寓,,2F/5F,4房2廳2衛,N
2016-06-29,1150.0,31.0,37.1,77.32%,公寓,33,5F/5F,3房2廳2衛,N
2016-06-28,1400.0,38.81,36.09,73.60%,華廈,21,6F/10F,3房2廳2衛,N
2016-06-28,1530.0,46.0,33.23,89.60%,公寓,36,2F/5F,3房2廳2衛,N
2016-06-28,1400.0,48.5,28.85,50.82%,華廈,2,4F/7F,2房1廳1衛,N
2016-06-28,130.0,46.19,2.82,84.21%,公寓,36,2F/5F,3房2廳1衛,N
2016-06-28,900.0,35.41,25.45,88.44%,公寓,,4F/4F,5房2廳2衛,N
2016-06-27,1060.0,35.19,30.09,80.57%,公寓,30,4F/5F,3房2廳2衛,N
2016-06-27,800.0,36.5,21.92,78.35%,公寓,34,1F/5F,3房2廳2衛,N
2016-06-27,598.0,27.09,22.04,69.11%,住宅大樓,20,10F/17F,2房1廳1衛,N
2016-06-27,1250.0,39.59,31.55,79.70%,公寓,34,5F/5F,3房2廳2衛,N
2016-06-27,880.0,28.8,30.58,77.38%,公寓,35,2F/4F,3房2廳2衛,N
2016-06-26,1270.0,52.19,24.32,61.90%,華廈,16,5F/10F,2房2廳1衛,N
2016-06-24,896.0,25.8,34.67,74.13%,公寓,34,3F/5F,3房2廳2衛,N
2016-06-24,1260.0,58.81,21.41,63.85%,住宅大樓,22,6F/12F,2房2廳1衛,N
2016-06-23,1150.0,40.69,28.26,84.37%,公寓,21,2F/5F,3房2廳2衛,N
2016-06-23,1200.0,42.81,28.01,77.80%,公寓,33,1F/5F,2房2廳2衛,N
2016-06-22,730.0,74.69,9.77,55.22%,套房,1,11F/12F,1房1廳1衛,N
2016-06-21,1745.0,59.0,29.58,57.38%,住宅大樓,,3F/12F,,N
2016-06-21,1745.0,59.0,29.58,57.38%,住宅大樓,,4F/12F,,N
2016-06-21,575.0,23.0,24.98,100.00%,公寓,,2F/4F,3房2廳1衛,N
2016-06-21,1200.0,59.91,20.03,53.88%,住宅大樓,,1F/27F,,N
2016-06-20,910.0,46.41,19.6,71.55%,華廈,21,7F/8F,2房1廳1衛,N
2016-06-19,1150.0,40.19,28.6,68.21%,住宅大樓,33,3F/12F,3房2廳1衛,N
2016-06-19,1024.0,48.69,21.01,100.00%,公寓,47,2F/4F,3房2廳1衛,N
2016-06-19,1442.0,54.81,26.31,87.08%,公寓,36,3F/5F,3房2廳1衛,N
2016-06-19,1330.0,43.81,30.39,76.32%,公寓,32,1F/5F,2房2廳2衛,N
2016-06-18,1420.0,43.19,32.87,72.42%,華廈,33,5F/7F,3房2廳2衛,N
2016-06-18,1228.0,38.31,32.09,78.94%,公寓,26,2F/5F,3房2廳2衛,N
2016-06-18,1650.0,59.41,27.77,65.89%,華廈,18,4F/6F,3房2廳1衛,N
2016-06-18,1225.0,59.59,20.54,54.03%,住宅大樓,,10F/27F,,N
2016-06-18,1225.0,59.59,20.54,54.03%,住宅大樓,,1F/27F,,N
2016-06-17,1500.0,54.0,27.76,76.10%,華廈,21,6F/10F,3房2廳1衛,N
2016-06-17,1015.0,68.19,14.89,55.98%,住宅大樓,8,6F/12F,,N
2016-06-16,1355.0,32.5,41.75,55.82%,華廈,13,6F/7F,3房2廳2衛,N
2016-06-16,950.0,46.41,20.49,86.75%,公寓,,2F/4F,2房2廳1衛,N
2016-06-15,600.0,48.31,12.42,57.01%,套房,2,2F/11F,1房1廳1衛,N
2016-06-15,810.0,67.31,12.04,62.40%,套房,12,8F/13F,1房1廳1衛,N
2016-06-15,2630.0,70.0,37.59,56.67%,華廈,,3F/7F,3房2廳2衛,N
2016-06-14,1000.0,33.5,29.82,81.50%,公寓,31,3F/5F,3房2廳1衛,N
2016-06-13,720.0,38.91,18.49,81.79%,公寓,,3F/4F,2房2廳1衛,N
2016-06-13,1220.0,59.41,20.54,54.03%,住宅大樓,,9F/27F,,N
2016-06-13,1588.0,55.81,28.48,53.96%,住宅大樓,,8F/27F,,N
2016-06-13,1450.0,63.91,22.68,53.27%,住宅大樓,,1F/27F,,N
2016-06-13,490.0,58.0,8.45,58.50%,套房,22,7F/12F,1房1廳1衛,N
2016-06-12,1210.0,60.41,20.03,53.88%,住宅大樓,,10F/27F,,N
2016-06-11,1485.0,56.5,26.27,53.43%,住宅大樓,,6F/27F,,N
2016-06-10,365.0,35.91,10.18,50.64%,套房,9,2F/5F,1房0廳1衛,N
2016-06-10,1250.0,51.0,24.52,69.99%,住宅大樓,17,4F/13F,2房2廳1衛,N
2016-06-09,980.0,42.41,23.11,72.26%,住宅大樓,19,12F/13F,2房1廳1衛,N
2016-06-08,881.0,30.8,28.62,85.21%,公寓,32,2F/4F,3房1廳1衛,N
2016-06-08,1020.0,68.19,14.95,55.68%,套房,1,8F/12F,,N
2016-06-08,622.0,67.69,9.19,55.64%,套房,8,7F/10F,1房1廳1衛,N
2016-06-08,1010.0,41.81,24.19,72.87%,公寓,31,5F/5F,3房2廳2衛,N
2016-06-08,2100.0,49.81,42.21,70.84%,公寓,35,5F/5F,3房2廳2衛,N
2016-06-08,1250.0,41.0,30.51,100.00%,公寓,,4F/4F,5房1廳5衛,N
2016-06-07,1750.0,41.31,42.41,68.89%,華廈,25,1F/6F,3房2廳2衛,N
2016-06-07,1616.0,39.09,41.3,58.04%,住宅大樓,6,6F/13F,3房2廳2衛,N
2016-06-07,1200.0,59.91,20.03,53.88%,住宅大樓,,10F/27F,,N
2016-06-07,1088.0,49.19,22.11,70.72%,住宅大樓,20,2F/13F,2房2廳1衛,N
2016-06-07,738.0,68.62,10.75,70.57%,套房,19,7F/10F,1房0廳1衛,N
2016-06-06,1288.0,46.0,27.98,67.48%,公寓,33,1F/5F,3房2廳2衛,N
2016-06-06,750.0,44.41,16.91,55.04%,套房,21,4F/6F,1房1廳1衛,N
2016-06-05,1650.0,43.0,38.34,92.28%,公寓,,4F/5F,6房0廳6衛,N
2016-06-05,800.0,39.0,20.51,76.55%,公寓,,4F/5F,3房2廳1衛,N
2016-06-04,960.0,34.91,27.54,100.00%,公寓,,"""2F/4F""",3房2廳1衛,N
2016-06-03,670.0,66.5,10.07,56.04%,套房,1,8F/12F,,N
2016-06-03,808.0,32.59,24.77,94.31%,公寓,,2F/4F,3房1廳1衛,N
2016-06-03,1200.0,47.09,25.46,76.18%,華廈,23,6F/8F,3房2廳1衛,N
2016-06-02,660.0,4.3,151.88,10.03%,住宅大樓,17,7F/12F,2房1廳1衛,N
2016-06-02,900.0,38.59,23.34,85.87%,公寓,33,2F/4F,3房2廳2衛,N
2016-05-30,1058.0,32.91,32.12,85.91%,公寓,34,5F/5F,3房2廳2衛,N
2016-05-30,1400.0,74.12,18.89,62.12%,住宅大樓,5,1F/22F,4房2廳2衛,N
2016-05-30,630.0,52.19,12.06,58.31%,套房,21,5F/5F,2房1廳1衛,N
2016-05-30,520.0,57.69,9.01,59.22%,套房,6,9F/10F,1房1廳1衛,N
2016-05-30,1500.0,0.0,15.62,,透天厝,57,A/2F,2房0廳2衛,N
2016-05-30,3500.0,0.0,140.65,,透天厝,,A/3F,6房3廳5衛,N
2016-05-29,1188.0,56.09,21.18,100.00%,公寓,47,1F/4F,3房1廳1衛,N
2016-05-29,1296.0,40.0,32.4,86.69%,公寓,,3F/5F,3房2廳2衛,N
2016-05-29,758.0,53.91,14.05,67.56%,套房,21,3F/9F,1房1廳1衛,N
2016-05-28,2000.0,59.41,33.68,56.89%,住宅大樓,1,4F/33F,2房2廳1衛,N
2016-05-28,856.0,39.5,21.67,90.97%,公寓,,2F/5F,2房2廳1衛,N
2016-05-27,1288.0,46.81,27.53,73.96%,公寓,33,2F/5F,3房2廳1衛,N
2016-05-27,1415.0,48.31,29.29,67.64%,華廈,9,4F/7F,3房2廳2衛,N
2016-05-26,1150.0,36.91,31.15,64.89%,公寓,33,4F/5F,3房2廳2衛,N
2016-05-26,1268.0,39.59,32.0,85.41%,公寓,34,3F/5F,3房2廳2衛,N
2016-05-24,200.0,5.7,35.25,80.78%,公寓,34,5F/5F,6房3廳3衛,N
2016-05-24,1000.0,32.69,30.6,100.00%,公寓,,3F/4F,3房2廳2衛,N
2016-05-24,930.0,30.8,30.16,91.96%,公寓,,3F/5F,3房1廳3衛,N
2016-05-24,1258.0,42.69,29.46,92.05%,公寓,33,1F/5F,3房2廳2衛,N
2016-05-24,1630.0,50.59,32.23,79.95%,華廈,32,7F/7F,3房2廳2衛,N
2016-05-24,777.0,20.09,38.59,62.03%,公寓,32,5F/5F,3房2廳3衛,N
2016-05-23,1480.0,46.19,32.05,100.00%,公寓,47,2F/4F,4房2廳2衛,N
2016-05-23,2750.0,54.59,50.36,48.70%,公寓,29,1F/4F,5房2廳2衛,N
2016-05-23,1200.0,37.5,32.0,85.41%,公寓,34,3F/5F,3房2廳2衛,N
2016-05-23,1200.0,22.8,52.59,44.43%,公寓,29,1F/5F,5房2廳2衛,N
2016-05-23,1720.0,47.91,35.87,93.30%,公寓,36,4F/5F,3房2廳2衛,N
2016-05-22,1150.0,56.41,20.38,83.94%,公寓,,4F/4F,2房0廳2衛,N
2016-05-21,925.0,29.8,31.0,78.25%,公寓,29,4F/5F,3房2廳1衛,N
2016-05-21,1850.0,49.41,37.47,54.92%,住宅大樓,17,6F/16F,3房2廳2衛,N
2016-05-21,1550.0,58.5,26.51,50.74%,華廈,5,2F/7F,2房2廳1衛,N
2016-05-21,1100.0,36.09,30.49,68.71%,住宅大樓,20,16F/17F,3房2廳2衛,N
2016-05-20,1090.0,34.0,32.03,80.50%,公寓,31,5F/5F,4房2廳2衛,N
2016-05-20,1270.0,33.19,38.24,63.05%,華廈,33,7F/7F,3房2廳2衛,N
2016-05-20,1450.0,49.5,29.27,71.18%,華廈,23,6F/6F,3房2廳2衛,N
2016-05-20,2300.0,60.91,37.75,64.49%,住宅大樓,5,13F/19F,3房2廳2衛,N
2016-05-19,880.0,25.5,34.5,86.13%,公寓,36,3F/5F,3房2廳1衛,N
2016-05-18,261.8,8.9,29.27,67.88%,住宅大樓,33,9F/12F,3房2廳1衛,N
2016-05-18,1400.0,34.19,40.89,79.47%,公寓,33,3F/5F,3房2廳2衛,N
2016-05-18,1853.0,47.69,38.87,83.22%,住宅大樓,24,6F/13F,4房2廳2衛,N
2016-05-18,920.0,35.09,26.24,74.71%,公寓,33,2F/5F,3房2廳2衛,N
2016-05-17,4026.0,67.0,60.09,60.54%,住宅大樓,3,11F/13F,4房2廳2衛,N
2016-05-17,980.0,21.41,45.83,55.76%,住宅大樓,19,10F/16F,3房2廳2衛,N
2016-05-17,1200.0,42.91,27.96,74.26%,公寓,32,1F/5F,3房2廳1衛,N
2016-05-15,1150.0,28.0,41.09,57.77%,華廈,13,7F/8F,3房2廳2衛,N
2016-05-15,1115.0,38.5,28.97,89.71%,公寓,,5F/5F,3房2廳2衛,N
2016-05-14,970.0,43.91,22.07,85.32%,公寓,,3F/4F,2房2廳1衛,N
2016-05-12,1980.0,45.81,43.2,61.88%,住宅大樓,13,4F/11F,3房2廳2衛,N
2016-05-12,1250.0,46.41,26.97,89.19%,公寓,,4F/4F,3房1廳2衛,N
2016-05-11,1250.0,60.81,20.54,54.03%,住宅大樓,,7F/27F,,N
2016-05-10,1030.0,34.81,29.56,87.47%,公寓,36,4F/5F,4房1廳3衛,N
2016-05-10,1380.0,41.0,33.66,91.52%,公寓,34,2F/5F,3房2廳2衛,N
2016-05-10,1100.0,40.09,27.46,78.70%,公寓,,3F/4F,3房2廳2衛,N
2016-05-10,2150.0,39.09,54.94,68.92%,住宅大樓,19,9F/16F,4房2廳3衛,N
2016-05-10,1800.0,57.69,31.21,83.69%,公寓,36,1F/5F,3房2廳1衛,N
2016-05-10,450.0,47.0,9.58,61.56%,套房,21,8F/8F,1房1廳1衛,N
2016-05-09,808.0,48.31,16.73,52.24%,住宅大樓,21,8F/18F,1房2廳1衛,N
2016-05-09,970.0,46.19,21.01,87.61%,公寓,,2F/4F,2房2廳1衛,N
2016-05-09,2550.0,42.41,60.1,57.54%,華廈,27,2F/10F,3房0廳1衛,N
2016-05-08,1458.0,47.19,30.86,88.73%,公寓,,4F/4F,4房3廳4衛,N
2016-05-08,1040.0,38.81,26.77,74.96%,公寓,30,4F/5F,3房2廳1衛,N
2016-05-07,1620.0,56.91,28.48,53.96%,住宅大樓,,9F/27F,,N
2016-05-07,1330.0,42.0,31.65,82.06%,公寓,34,3F/5F,3房2廳2衛,N
2016-05-07,1350.0,54.09,24.96,53.24%,華廈,7,7F/9F,2房1廳1衛,N
2016-05-07,2588.0,43.09,60.09,58.52%,華廈,26,2F/8F,4房2廳2衛,N
2016-05-06,150.0,23.91,6.26,,其他,,1F/1F,6房3廳2衛,N
2016-05-06,425.0,34.19,12.41,63.86%,套房,20,8F/17F,1房0廳1衛,N
2016-05-05,1160.0,46.41,25.02,55.53%,華廈,7,3F/9F,2房1廳1衛,N
2016-05-05,1100.0,31.3,35.15,100.00%,公寓,41,2F/4F,3房2廳1衛,N
2016-05-04,4500.0,0.0,56.52,,透天厝,29,A/3F,5房2廳3衛,N
2016-05-03,601.9,0.0,20.05,,透天厝,,A/2F,3房2廳2衛,N
2016-05-03,788.0,48.69,16.17,38.36%,華廈,19,5F/5F,1房2廳1衛,N
2016-05-03,2500.0,45.59,54.77,53.45%,住宅大樓,5,12F/14F,3房2廳2衛,N
2016-05-03,1150.0,45.41,25.33,90.04%,公寓,33,2F/5F,3房2廳2衛,N
2016-05-03,810.0,0.0,21.44,,透天厝,49,A/3F,2房2廳3衛,N
2016-05-03,830.0,49.91,16.65,54.50%,套房,6,9F/10F,1房1廳1衛,N
2016-05-02,800.0,31.7,25.22,68.45%,華廈,32,3F/7F,3房2廳2衛,N
2016-05-01,360.0,27.09,13.3,88.06%,公寓,38,1F/5F,3房2廳1衛,N
2016-05-01,1150.0,35.59,32.29,79.09%,公寓,35,5F/5F,3房2廳2衛,N
2016-05-01,1108.0,28.3,39.1,67.70%,公寓,32,4F/5F,3房2廳1衛,N
2016-04-30,3700.0,69.19,53.43,58.46%,住宅大樓,3,16F/18F,3房2廳2衛,N
2016-04-30,900.0,34.59,26.04,83.26%,公寓,36,5F/5F,3房2廳1衛,N
2016-04-30,1280.0,47.09,27.16,64.90%,住宅大樓,21,4F/15F,2房2廳1衛,N
2016-04-30,1360.0,59.81,22.74,53.15%,住宅大樓,,9F/27F,,N
2016-04-30,2872.0,66.0,43.51,58.42%,住宅大樓,3,11F/15F,2房2廳2衛,N
2016-04-29,1320.0,38.0,34.76,86.77%,公寓,22,2F/5F,3房2廳2衛,N
2016-04-28,1250.0,29.59,42.24,55.14%,華廈,13,2F/9F,3房2廳2衛,N
2016-04-28,1100.0,33.09,33.2,81.36%,公寓,27,2F/5F,3房2廳2衛,N
2016-04-27,530.0,39.5,13.41,91.88%,公寓,38,4F/4F,3房2廳1衛,N
2016-04-27,520.0,37.91,13.71,44.79%,套房,20,9F/24F,1房1廳1衛,N
2016-04-27,1720.0,28.0,61.45,,辦公商業大樓,19,3F/13F,2房0廳1衛,N
2016-04-27,960.0,31.41,30.58,77.38%,公寓,34,2F/4F,3房2廳1衛,N
2016-04-26,470.0,36.5,12.88,65.93%,公寓,17,4F/5F,1房1廳1衛,N
2016-04-26,2000.0,0.0,98.05,,透天厝,12,A/4F,4房3廳4衛,N
2016-04-26,1780.0,44.69,39.84,73.83%,華廈,32,7F/7F,3房2廳2衛,N
2016-04-26,620.0,21.2,29.28,85.06%,公寓,,3F/4F,3房1廳1衛,N
2016-04-26,1200.0,34.0,35.25,80.78%,公寓,34,4F/5F,3房1廳2衛,N
2016-04-25,470.0,55.59,8.45,58.50%,套房,22,6F/12F,1房1廳1衛,N
2016-04-25,1100.0,37.81,29.09,87.72%,公寓,,3F/5F,3房1廳1衛,N
2016-04-25,3825.0,65.5,58.43,53.32%,住宅大樓,3,11F/15F,3房2廳2衛,N
2016-04-24,1140.0,37.81,30.14,69.89%,住宅大樓,33,3F/12F,3房2廳1衛,N
2016-04-24,1488.0,46.19,32.19,69.84%,住宅大樓,21,1F/12F,2房1廳1衛,N
2016-04-24,1110.0,42.81,25.95,81.49%,公寓,37,4F/4F,3房2廳1衛,N
2016-04-23,400.0,32.19,12.41,63.86%,套房,20,10F/17F,1房1廳1衛,N
2016-04-23,620.0,53.81,11.52,54.08%,套房,6,7F/15F,1房1廳1衛,N
2016-04-23,1100.0,43.31,25.43,88.84%,公寓,33,5F/5F,3房2廳1衛,N
2016-04-22,480.0,19.41,24.8,92.75%,公寓,,4F/4F,3房1廳1衛,N
2016-04-22,585.0,43.69,13.4,52.48%,公寓,21,1F/5F,1房1廳1衛,N
2016-04-21,3000.0,0.0,21.71,,透天厝,,A/2F,3房1廳2衛,N
2016-04-20,4120.0,71.0,58.02,59.32%,華廈,14,1F/10F,3房2廳2衛,N
2016-04-20,980.0,31.8,30.86,100.00%,公寓,46,2F/4F,3房2廳1衛,N
2016-04-19,1980.0,0.0,23.59,,透天厝,73,A/2F,12房4廳5衛,N
2016-04-19,1565.0,49.0,31.95,65.08%,住宅大樓,20,10F/13F,3房2廳2衛,N
2016-04-18,2100.0,49.09,42.8,79.54%,華廈,21,3F/5F,3房2廳2衛,N
2016-04-18,575.0,53.5,10.76,61.78%,套房,21,5F/13F,1房1廳1衛,N
2016-04-18,1268.0,27.8,45.57,84.05%,公寓,,4F/4F,4房2廳2衛,N
2016-04-17,960.0,43.91,21.86,76.56%,住宅大樓,19,1F/11F,2房2廳1衛,N
2016-04-16,1150.0,41.59,27.65,53.92%,華廈,2,4F/7F,2房1廳2衛,N
2016-04-16,1186.0,46.0,25.8,83.04%,公寓,35,3F/5F,3房2廳1衛,N
2016-04-15,1025.0,44.0,23.31,100.00%,公寓,,2F/4F,3房1廳1衛,N
2016-04-15,1115.0,53.19,20.96,71.28%,住宅大樓,20,7F/13F,2房2廳1衛,N
2016-04-14,660.0,25.2,26.21,94.31%,公寓,,2F/4F,3房2廳1衛,N
2016-04-14,690.0,37.91,18.2,69.99%,住宅大樓,33,8F/12F,2房1廳1衛,N
2016-04-14,1280.0,52.09,24.54,55.36%,住宅大樓,,3F/27F,,N
2016-04-13,850.0,33.19,25.57,89.41%,公寓,,5F/5F,2房2廳1衛,N
2016-04-12,1046.0,52.0,20.12,58.48%,套房,7,3F/7F,1房1廳1衛,N
2016-04-11,1212.0,47.81,25.34,100.00%,公寓,,"""3F/4F""",3房2廳1衛,N
2016-04-11,1580.0,63.19,25.01,64.24%,住宅大樓,5,2F/19F,2房2廳2衛,N
2016-04-11,1335.0,53.31,25.03,85.34%,公寓,,1F/4F,3房2廳1衛,N
2016-04-10,950.0,44.91,21.18,66.74%,華廈,14,9F/9F,2房2廳1衛,N
2016-04-10,1350.0,40.5,33.33,86.22%,公寓,31,2F/5F,3房2廳2衛,N
2016-04-08,830.0,45.31,18.3,61.16%,套房,13,5F/14F,1房1廳1衛,N
2016-04-08,680.0,42.41,16.04,44.78%,套房,20,9F/24F,1房1廳1衛,N
2016-04-08,1408.0,44.91,31.35,86.79%,公寓,,2F/5F,3房2廳2衛,N
2016-04-07,740.0,64.19,11.53,63.66%,套房,11,11F/13F,1房1廳1衛,N
2016-04-07,400.0,13.3,30.07,70.56%,華廈,33,5F/7F,2房1廳1衛,N
2016-04-07,840.0,35.09,23.93,86.53%,公寓,,5F/5F,3房1廳1衛,N
2016-04-06,1928.0,49.59,38.89,79.22%,華廈,33,3F/10F,2房2廳2衛,N
2016-04-06,1560.0,61.19,25.49,64.34%,住宅大樓,5,17F/19F,2房1廳1衛,N
2016-04-06,1258.0,45.59,27.6,92.86%,公寓,,3F/5F,3房2廳1衛,N
2016-04-06,1938.0,59.0,32.85,56.06%,華廈,2,4F/7F,3房1廳2衛,N
2016-04-06,1020.0,36.09,28.25,83.97%,公寓,39,3F/4F,3房2廳1衛,N
2016-04-05,1182.0,40.0,29.55,58.04%,華廈,,5F/7F,2房2廳1衛,N
2016-04-05,680.0,67.5,10.07,56.04%,套房,1,6F/12F,1房1廳1衛,N
2016-04-05,1100.0,48.81,22.55,81.40%,公寓,,3F/4F,3房2廳1衛,N
2016-04-05,1780.0,0.0,27.36,,透天厝,48,A/2F,5房1廳3衛,N
2016-04-05,1526.0,46.0,33.17,76.00%,華廈,21,4F/6F,3房2廳2衛,N
2016-04-03,1300.0,43.31,30.04,83.38%,公寓,,4F/4F,3房2廳2衛,N
2016-04-03,1180.0,51.09,23.09,66.78%,住宅大樓,16,5F/19F,2房2廳1衛,N
2016-04-03,1200.0,33.59,35.72,84.30%,公寓,35,5F/5F,3房2廳2衛,N
2016-04-03,1680.0,52.41,32.05,84.98%,公寓,,3F/5F,3房2廳2衛,N
2016-04-02,1000.0,36.09,27.73,86.81%,公寓,33,4F/4F,3房2廳1衛,N
2016-04-02,1450.0,45.41,31.93,86.27%,公寓,,3F/4F,2房1廳2衛,N
2016-04-01,1230.0,43.0,28.6,68.21%,住宅大樓,33,5F/12F,3房1廳2衛,N
2016-03-31,980.0,57.31,17.11,50.49%,華廈,6,4F/9F,2房1廳1衛,N
2016-03-31,1620.0,62.5,25.91,67.96%,住宅大樓,22,14F/14F,2房2廳2衛,N
2016-03-31,600.0,48.41,12.41,63.42%,套房,7,2F/10F,1房0廳1衛,N
2016-03-31,3750.0,0.0,40.33,,透天厝,,A/2F,3房3廳2衛,N
2016-03-31,890.0,30.59,29.04,74.61%,公寓,34,4F/5F,3房2廳2衛,N
2016-03-30,1230.0,39.5,31.17,87.78%,公寓,,5F/5F,3房2廳2衛,N
2016-03-30,988.0,57.81,17.11,50.49%,套房,6,5F/9F,0房1廳1衛,N
2016-03-30,1120.0,36.41,30.76,89.16%,公寓,,4F/5F,3房2廳2衛,N
2016-03-30,1150.0,34.41,33.44,89.86%,公寓,35,2F/5F,3房2廳2衛,N
2016-03-30,1020.0,68.88,14.8,67.86%,住宅大樓,9,8F/17F,2房1廳1衛,N
2016-03-30,1530.0,43.19,35.43,62.37%,住宅大樓,19,8F/14F,3房2廳2衛,N
2016-03-30,1085.0,30.5,35.55,88.33%,公寓,,4F/4F,4房2廳2衛,N
2016-03-29,960.0,36.59,26.23,82.43%,公寓,,3F/5F,3房2廳1衛,N
2016-03-29,1350.0,41.69,32.39,89.15%,公寓,30,1F/5F,2房2廳2衛,N
2016-03-29,1000.0,46.91,21.34,100.00%,公寓,47,2F/4F,3房2廳1衛,N
2016-03-29,750.0,50.0,14.99,63.67%,套房,33,1F/7F,1房1廳1衛,N
2016-03-28,660.0,47.41,13.92,68.56%,套房,33,3F/7F,1房1廳1衛,N
2016-03-28,675.0,0.0,18.73,,透天厝,,A/2F,3房2廳1衛,N
2016-03-28,1096.0,48.31,22.7,62.65%,住宅大樓,19,6F/13F,2房1廳1衛,N
2016-03-28,1505.0,48.0,31.35,86.79%,公寓,,3F/5F,3房2廳2衛,N
2016-03-27,1475.0,46.09,31.97,85.85%,公寓,36,4F/5F,3房2廳2衛,N
2016-03-27,2260.0,64.69,34.93,53.97%,住宅大樓,1,7F/33F,2房2廳1衛,N
2016-03-26,620.0,50.0,12.4,62.60%,套房,20,6F/13F,,N
2016-03-26,1250.0,50.41,24.78,75.44%,華廈,21,9F/10F,2房2廳1衛,N
2016-03-23,990.0,50.0,19.82,81.76%,公寓,,1F/4F,1房2廳1衛,N
2016-03-22,3900.0,0.0,89.46,,透天厝,11,A/4F,7房3廳5衛,N
2016-03-21,980.0,34.5,28.37,80.81%,華廈,35,7F/7F,3房2廳1衛,N
2016-03-21,430.0,34.59,12.41,63.86%,套房,19,11F/17F,1房0廳1衛,N
2016-03-20,1255.0,43.5,28.83,77.61%,華廈,24,4F/6F,3房2廳1衛,N
2016-03-20,1225.0,57.59,21.28,67.04%,套房,22,8F/14F,1房1廳1衛,N
2016-03-20,888.0,31.3,28.35,85.37%,公寓,34,3F/5F,3房2廳2衛,N
2016-03-20,1380.0,65.19,21.18,67.37%,住宅大樓,22,5F/14F,1房2廳1衛,N
2016-03-20,3000.0,45.09,66.49,54.83%,住宅大樓,22,1F/11F,4房2廳2衛,N
2016-03-20,1730.0,52.81,32.75,70.88%,住宅大樓,23,2F/12F,3房2廳2衛,N
2016-03-19,1365.0,58.69,23.26,70.83%,華廈,18,5F/10F,1房2廳1衛,N
2016-03-19,1525.0,49.91,30.53,86.02%,公寓,27,3F/4F,3房2廳2衛,N
2016-03-19,1280.0,48.91,26.15,67.47%,住宅大樓,21,11F/15F,2房2廳1衛,N
2016-03-19,638.1,22.41,28.43,87.98%,公寓,,2F/5F,3房2廳2衛,N
2016-03-18,1230.0,48.09,25.56,63.17%,住宅大樓,19,4F/13F,2房2廳1衛,N
2016-03-18,1418.0,35.81,39.62,87.08%,公寓,35,3F/5F,3房2廳2衛,N
2016-03-18,1250.0,41.59,30.07,70.56%,華廈,33,7F/7F,3房2廳1衛,N
2016-03-18,1510.0,28.7,52.69,45.49%,公寓,33,1F/4F,3房1廳1衛,N
2016-03-16,675.0,40.41,16.72,76.11%,華廈,21,2F/6F,2房2廳2衛,N
2016-03-15,690.0,39.41,17.49,45.44%,套房,20,9F/21F,1房0廳1衛,N
2016-03-15,820.0,60.5,13.54,53.05%,套房,18,8F/11F,0房1廳1衛,N
2016-03-15,1035.0,56.69,18.26,52.73%,華廈,8,8F/9F,2房1廳1衛,N
2016-03-15,2210.0,46.09,47.93,83.10%,華廈,30,3F/7F,3房2廳2衛,N
2016-03-14,1385.0,51.09,27.09,59.99%,住宅大樓,,5F/12F,,N
2016-03-14,1100.0,47.59,23.12,85.89%,公寓,,2F/4F,3房2廳1衛,N
2016-03-14,1340.0,47.5,28.19,79.54%,公寓,34,2F/5F,3房2廳2衛,N
2016-03-14,1100.0,49.5,22.23,100.00%,公寓,,4F/4F,2房1廳1衛,N
2016-03-13,780.0,54.91,14.2,35.18%,套房,6,10F/15F,1房1廳1衛,N
2016-03-13,500.0,43.5,11.5,59.48%,套房,19,3F/13F,1房1廳1衛,N
2016-03-12,1700.0,57.09,29.79,71.62%,住宅大樓,16,9F/14F,3房2廳2衛,N
2016-03-12,1040.0,51.41,20.25,71.64%,住宅大樓,21,4F/18F,2房2廳1衛,N
2016-03-12,1400.0,45.31,30.93,88.71%,公寓,,4F/5F,3房2廳2衛,N
2016-03-12,970.0,40.09,24.2,87.40%,公寓,38,4F/4F,3房2廳1衛,N
2016-03-12,1208.0,45.0,26.84,63.92%,住宅大樓,19,4F/13F,2房2廳1衛,N
2016-03-11,1230.0,59.91,20.54,54.03%,住宅大樓,,8F/27F,,N
2016-03-11,1225.0,70.62,17.35,100.00%,公寓,,1F/3F,2房1廳1衛,N
2016-03-11,936.0,46.69,20.06,100.00%,公寓,,2F/4F,2房2廳1衛,N
2016-03-10,1284.0,47.41,27.09,59.99%,住宅大樓,,2F/12F,,N
2016-03-10,1325.0,54.19,24.44,90.33%,公寓,,1F/5F,3房2廳2衛,N
2016-03-09,836.0,28.8,29.04,74.61%,公寓,34,3F/5F,3房2廳1衛,N
2016-03-08,1000.0,0.0,20.03,,透天厝,,A/2F,2房1廳1衛,N
2016-03-08,1450.0,45.09,32.13,85.96%,公寓,,3F/4F,3房2廳2衛,N
2016-03-07,1680.0,63.91,26.27,53.43%,住宅大樓,,7F/27F,,N
2016-03-07,430.0,38.81,11.08,59.95%,套房,21,2F/5F,1房1廳1衛,N
2016-03-07,2500.0,0.0,12.25,,透天厝,,A/1F,,N
2016-03-07,885.0,74.0,11.96,56.49%,套房,5,5F/14F,1房1廳1衛,N
2016-03-07,1100.0,36.31,30.32,81.88%,公寓,29,5F/5F,3房2廳2衛,N
2016-03-06,600.0,37.41,16.04,44.78%,套房,20,8F/24F,1房0廳1衛,N
2016-03-06,860.0,38.09,22.58,66.07%,住宅大樓,33,7F/12F,2房2廳1衛,N
2016-03-06,1075.0,41.5,25.91,76.97%,華廈,16,3F/10F,2房2廳1衛,N
2016-03-06,1480.0,40.09,36.93,69.30%,華廈,17,5F/5F,3房2廳2衛,N
2016-03-05,1480.0,52.0,28.48,53.96%,住宅大樓,,6F/27F,,N
2016-03-05,1375.0,53.81,25.57,89.41%,公寓,,2F/5F,3房2廳2衛,N
2016-03-05,1450.0,40.59,35.67,75.04%,住宅大樓,26,6F/13F,3房2廳2衛,N
2016-03-04,1088.0,54.31,20.03,53.88%,住宅大樓,,4F/27F,,N
2016-03-04,710.0,32.31,21.97,94.01%,公寓,38,2F/5F,2房2廳1衛,N
2016-03-02,1500.0,58.91,25.49,64.34%,住宅大樓,5,15F/19F,2房2廳1衛,N
2016-03-02,920.0,32.69,28.12,85.36%,公寓,,2F/5F,3房2廳2衛,N
2016-03-01,590.0,36.0,16.4,72.17%,套房,21,地下1F/10F,1房1廳1衛,N
2016-03-01,238.0,23.91,9.95,78.56%,公寓,,2F/4F,3房2廳2衛,N
2016-02-29,1428.0,48.41,29.48,86.96%,公寓,,1F/4F,4房2廳2衛,N
2016-02-29,650.0,63.41,10.26,55.97%,套房,1,3F/12F,1房1廳1衛,N
2016-02-29,1180.0,35.5,33.23,91.69%,公寓,,3F/5F,3房2廳1衛,N
2016-02-29,1220.0,41.0,29.73,94.30%,公寓,36,4F/5F,6房0廳6衛,N
2016-02-27,1308.0,65.31,20.03,53.88%,住宅大樓,,7F/27F,,N
2016-02-26,1568.0,62.41,25.14,53.66%,住宅大樓,,7F/27F,,N
2016-02-25,1200.0,31.91,37.63,89.48%,公寓,38,4F/4F,3房2廳2衛,N
2016-02-24,1430.0,48.59,29.41,87.90%,公寓,35,1F/5F,1房1廳2衛,N
2016-02-24,1350.0,37.09,36.41,87.36%,公寓,25,2F/5F,3房2廳2衛,N
2016-02-22,820.0,35.0,23.45,78.91%,公寓,36,4F/5F,2房2廳1衛,N
2016-02-22,610.0,27.7,22.04,85.81%,公寓,,2F/4F,3房2廳2衛,N
2016-02-22,1108.0,70.5,15.73,51.36%,住宅大樓,8,8F/12F,3房2廳1衛,N
2016-02-21,2625.0,71.0,36.95,56.97%,住宅大樓,5,3F/22F,2房2廳2衛,N
2016-02-20,1388.0,52.41,26.5,65.02%,華廈,16,6F/7F,2房2廳1衛,N
2016-02-20,1323.0,43.5,30.41,87.78%,公寓,33,3F/5F,3房2廳1衛,N
2016-02-19,800.0,47.91,16.72,63.97%,住宅大樓,20,6F/12F,1房1廳1衛,N
2016-02-19,2530.0,0.0,88.46,,透天厝,24,A/4F,6房3廳4衛,N
2016-02-17,3950.0,68.12,58.02,59.32%,華廈,14,1F/10F,4房2廳2衛,N
2016-02-13,1110.0,55.41,20.03,53.88%,住宅大樓,,5F/27F,,N
2016-02-05,1099.0,54.91,20.03,53.88%,住宅大樓,,5F/27F,,N
2016-02-04,725.0,30.5,23.76,90.11%,公寓,47,3F/4F,4房1廳2衛,N
2016-02-04,1295.0,64.62,20.03,53.88%,住宅大樓,,8F/27F,,N
2016-02-04,1295.0,64.62,20.03,53.88%,住宅大樓,,8F/27F,,N
2016-02-02,1150.0,36.91,31.16,91.79%,公寓,,2F/5F,3房1廳2衛,N
2016-01-31,1410.0,48.09,29.29,70.44%,住宅大樓,20,11F/14F,2房2廳1衛,N
2016-01-31,2400.0,54.0,44.42,55.31%,住宅大樓,17,11F/14F,3房2廳1衛,N
2016-01-30,420.0,70.38,5.96,100.00%,公寓,,1F/3F,2房1廳1衛,N
2016-01-29,1060.0,37.41,28.37,80.81%,華廈,35,6F/7F,3房2廳1衛,N
2016-01-29,600.0,46.0,13.03,73.35%,公寓,34,4F/5F,3房2廳1衛,N
2016-01-29,570.0,40.31,14.14,67.90%,套房,32,4F/12F,1房1廳1衛,N
2016-01-28,405.0,46.19,8.76,80.66%,套房,16,3F/10F,1房0廳1衛,N
2016-01-28,1150.0,42.0,27.4,85.51%,公寓,38,4F/4F,7房0廳7衛,N
2016-01-27,370.0,32.31,11.45,61.51%,套房,22,2F/5F,1房1廳1衛,N
2016-01-26,1230.0,54.09,22.74,53.15%,住宅大樓,,4F/27F,,N
2016-01-26,1200.0,33.69,35.56,81.08%,公寓,27,3F/5F,3房2廳2衛,N
2016-01-25,1100.0,41.19,26.68,87.82%,公寓,,4F/4F,2房2廳1衛,N
2016-01-25,2060.0,35.59,57.81,34.36%,華廈,24,1F/6F,3房2廳2衛,N
2016-01-24,1660.0,40.91,40.57,81.15%,公寓,30,2F/5F,4房2廳2衛,N
2016-01-24,1236.0,51.31,24.1,86.59%,公寓,,4F/5F,1房2廳1衛,N
2016-01-23,1050.0,52.5,20.0,45.56%,套房,4,2F/7F,1房1廳1衛,N
2016-01-21,1180.0,54.19,21.76,70.12%,住宅大樓,20,2F/12F,2房2廳1衛,N
2016-01-21,935.0,43.41,21.56,59.77%,住宅大樓,6,11F/13F,1房1廳1衛,N
2016-01-20,786.0,50.59,15.53,69.32%,套房,20,3F/16F,1房1廳1衛,N
2016-01-20,1050.0,37.69,27.88,88.29%,公寓,33,3F/4F,3房2廳2衛,N
2016-01-20,1390.0,49.09,28.31,82.48%,華廈,33,3F/8F,3房1廳1衛,N
2016-01-19,1450.0,48.69,29.78,87.62%,公寓,33,1F/4F,3房2廳2衛,N
2016-01-19,770.0,23.09,33.4,71.92%,公寓,31,4F/5F,3房2廳1衛,N
2016-01-18,820.0,48.69,16.85,61.91%,套房,12,9F/14F,0房1廳1衛,N
2016-01-18,990.0,24.2,40.94,69.57%,華廈,34,6F/7F,4房2廳2衛,N
2016-01-18,1100.0,41.81,26.33,86.10%,公寓,38,1F/4F,3房2廳1衛,N
2016-01-17,2550.0,0.0,41.15,,透天厝,,A/2F,5房3廳2衛,N
2016-01-17,1960.0,60.91,32.2,,辦公商業大樓,9,3F/15F,3房2廳2衛,N
2016-01-17,1088.0,54.31,20.03,53.88%,住宅大樓,,4F/27F,,Y
2016-01-17,2115.0,56.41,37.49,55.01%,住宅大樓,17,12F/16F,2房2廳1衛,N
2016-01-17,930.0,43.0,21.61,66.56%,華廈,13,2F/9F,2房1廳1衛,N
2016-01-17,965.0,42.09,22.92,68.25%,住宅大樓,19,6F/11F,2房2廳1衛,N
2016-01-16,670.0,41.81,16.04,65.00%,套房,12,2F/14F,1房1廳1衛,N
2016-01-16,700.0,41.19,17.0,33.82%,華廈,21,1F/7F,2房0廳2衛,N
2016-01-16,1082.0,40.5,26.73,69.27%,華廈,22,4F/10F,2房2廳1衛,N
2016-01-15,2068.0,55.19,37.47,54.99%,住宅大樓,17,9F/16F,3房2廳2衛,N
2016-01-15,378.5,16.3,23.17,63.93%,住宅大樓,21,10F/16F,2房1廳1衛,N
2016-01-12,862.0,33.09,26.08,75.81%,公寓,,5F/5F,5房2廳2衛,N
2016-01-12,900.0,53.0,16.99,71.87%,公寓,24,3F/5F,3房2廳2衛,N
2016-01-12,1500.0,77.12,19.45,60.21%,華廈,10,5F/10F,2房1廳2衛,N
2016-01-11,1850.0,52.19,35.42,81.79%,公寓,,1F/5F,3房2廳2衛,N
2016-01-10,1450.0,49.09,29.52,85.17%,公寓,31,3F/5F,3房2廳2衛,N
2016-01-10,672.0,41.91,16.02,,辦公商業大樓,19,8F/13F,0房1廳1衛,N
2016-01-09,1430.0,63.0,22.68,53.27%,住宅大樓,,3F/27F,,N
2016-01-09,2378.0,57.91,41.08,54.03%,住宅大樓,,5F/27F,,N
2016-01-09,1109.0,55.41,20.03,53.88%,住宅大樓,,6F/27F,,N
2016-01-08,1226.0,53.91,22.74,53.15%,住宅大樓,,5F/27F,,N
2016-01-07,1200.0,52.91,22.7,53.37%,住宅大樓,,3F/27F,,N
2016-01-07,1060.0,50.19,21.11,60.30%,住宅大樓,6,7F/12F,2房2廳1衛,N
2016-01-07,590.0,57.5,10.26,55.97%,套房,1,8F/12F,,N
2016-01-06,1420.0,47.5,29.87,84.04%,公寓,35,1F/5F,3房2廳2衛,N
2016-01-06,1300.0,35.69,36.41,87.36%,公寓,25,2F/5F,3房2廳2衛,N
2016-01-06,600.0,23.3,25.77,80.40%,公寓,39,3F/4F,2房1廳1衛,N
2016-01-04,2688.0,58.59,45.87,,店面（店舖),35,1F/5F,4房3廳2衛,N
2016-01-04,510.0,39.81,12.82,83.12%,公寓,,3F/4F,3房1廳1衛,N
2016-01-04,1320.0,30.41,43.43,72.12%,公寓,34,4F/5F,3房2廳2衛,N
2016-01-04,315.0,31.5,10.01,100.00%,公寓,,2F/4F,3房2廳1衛,N
2016-01-04,560.0,0.0,16.34,,透天厝,,A/3F,3房1廳1衛,N
2016-01-03,1060.0,46.41,22.85,93.58%,公寓,,2F/4F,2房1廳2衛,N
2016-01-03,730.0,71.19,10.26,55.97%,套房,1,10F/12F,0房1廳1衛,N
2016-01-03,770.0,33.69,22.85,84.32%,公寓,,3F/4F,2房2廳1衛,N
2016-01-02,1250.0,47.19,26.46,100.00%,公寓,,4F/4F,5房3廳2衛,N
2016-01-01,1250.0,41.81,29.89,65.74%,華廈,8,10F/10F,3房2廳2衛,N
2016-01-01,2000.0,36.31,55.17,85.29%,公寓,,2F/5F,4房2廳2衛,N
