2018-10-31,500.0,0.0,42.53,,透天厝,,A/2F,6房1廳3衛,N
2018-10-31,850.0,27.09,31.33,84.01%,公寓,43,3F/4F,3房2廳1衛,N
2018-10-31,1050.0,44.81,23.42,60.99%,住宅大樓,9,3F/12F,2房2廳1衛,N
2018-10-31,450.0,23.2,19.42,88.63%,公寓,37,1F/5F,2房2廳1衛,N
2018-10-30,345.0,29.3,11.78,80.84%,套房,23,7F/8F,1房1廳1衛,N
2018-10-30,2000.0,50.69,39.43,60.21%,住宅大樓,5,4F/23F,3房2廳2衛,N
2018-10-30,3268.0,0.0,124.66,,透天厝,13,A/3F,5房3廳5衛,N
2018-10-30,810.0,37.41,21.67,77.91%,住宅大樓,25,10F/12F,2房2廳1衛,N
2018-10-30,1452.0,36.5,39.77,60.58%,住宅大樓,2,2F/13F,3房2廳2衛,N
2018-10-29,1260.0,52.91,23.82,55.61%,住宅大樓,6,17F/210F,1房1廳1衛,N
2018-10-29,900.0,66.62,13.52,81.74%,公寓,30,1F/5F,3房2廳2衛,N
2018-10-29,415.0,28.7,14.46,64.57%,住宅大樓,20,5F/15F,3房3廳1衛,N
2018-10-28,1385.0,48.91,28.32,76.64%,住宅大樓,32,10F/12F,3房2廳1衛,N
2018-10-28,1320.0,40.59,32.48,88.13%,公寓,,2F/4F,3房2廳2衛,N
2018-10-28,960.0,49.31,19.46,86.72%,公寓,35,3F/5F,3房1廳1衛,N
2018-10-28,590.0,50.41,11.7,73.06%,住宅大樓,17,2F/17F,2房1廳1衛,N
2018-10-27,700.0,32.41,21.6,79.86%,住宅大樓,26,2F/14F,2房2廳1衛,N
2018-10-27,630.0,56.59,11.13,65.97%,套房,12,10F/18F,1房1廳1衛,N
2018-10-27,1718.0,54.19,31.67,62.51%,住宅大樓,9,2F/15F,3房2廳2衛,N
2018-10-27,1115.0,35.69,31.26,86.71%,公寓,37,5F/5F,3房2廳2衛,N
2018-10-27,2000.0,0.0,31.79,,透天厝,35,A/2F,3房2廳3衛,N
2018-10-27,1680.0,56.41,29.81,62.72%,住宅大樓,5,2F/27F,2房2廳2衛,N
2018-10-26,1720.0,45.31,37.96,63.24%,住宅大樓,15,9F/14F,3房2廳2衛,N
2018-10-26,965.0,32.31,29.86,65.12%,住宅大樓,23,4F/23F,2房1廳1衛,N
2018-10-26,392.4,0.0,13.96,,透天厝,57,A/1F,1房1廳1衛,N
2018-10-25,738.0,62.5,11.8,75.93%,住宅大樓,22,8F/24F,1房1廳1衛,N
2018-10-25,1268.0,53.81,23.59,59.61%,住宅大樓,6,5F/28F,2房2廳1衛,N
2018-10-25,1000.0,34.41,29.05,58.11%,住宅大樓,1,5F/14F,2房1廳1衛,N
2018-10-24,850.0,24.3,34.96,75.44%,華廈,19,1F/6F,3房2廳2衛,N
2018-10-24,980.0,31.59,30.97,92.61%,公寓,40,4F/5F,4房2廳2衛,N
2018-10-24,380.0,12.8,29.76,85.54%,公寓,32,4F/5F,3房1廳1衛,N
2018-10-24,1000.0,32.19,31.02,81.00%,公寓,32,4F/5F,3房2廳2衛,N
2018-10-24,2150.0,37.0,58.05,52.86%,住宅大樓,19,15F/16F,3房2廳2衛,N
2018-10-24,5900.0,0.0,43.75,,透天厝,,A/2F,4房2廳2衛,N
2018-10-24,1200.0,34.09,35.17,54.28%,華廈,1,6F/7F,2房2廳1衛,N
2018-10-23,940.0,61.31,15.33,63.15%,套房,10,14F/19F,1房1廳1衛,N
2018-10-23,350.0,13.1,26.72,84.99%,公寓,34,4F/4F,3房2廳2衛,N
2018-10-23,1090.0,37.81,28.8,66.67%,住宅大樓,11,3F/14F,2房2廳1衛,N
2018-10-23,500.0,17.41,28.81,92.59%,公寓,32,5F/5F,3房1廳1衛,N
2018-10-23,2228.0,56.31,39.59,61.34%,住宅大樓,8,17F/210F,3房2廳2衛,N
2018-10-23,225.2,24.8,9.1,100.00%,公寓,42,2F/4F,3房2廳2衛,N
2018-10-23,143.8,3.2,44.27,77.46%,華廈,33,5F/8F,3房1廳2衛,N
2018-10-23,810.0,31.09,26.06,100.00%,公寓,38,5F/5F,3房4廳2衛,N
2018-10-23,1650.0,50.09,32.96,58.49%,住宅大樓,15,5F/14F,2房2廳2衛,N
2018-10-22,750.0,33.5,22.39,69.82%,住宅大樓,15,2F/11F,2房2廳1衛,N
2018-10-22,1102.0,39.0,28.22,63.39%,住宅大樓,5,1F/12F,2房2廳1衛,N
2018-10-22,4000.0,113.62,35.2,87.20%,公寓,29,1F/5F,2房2廳2衛,N
2018-10-22,2600.0,73.88,35.2,87.20%,公寓,29,2F/5F,3房1廳2衛,N
2018-10-22,1068.0,44.09,24.2,73.03%,住宅大樓,17,5F/17F,2房2廳2衛,N
2018-10-22,3250.0,48.5,66.98,66.90%,住宅大樓,19,28F/34F,4房2廳2衛,N
2018-10-22,1110.0,40.59,27.33,86.32%,公寓,41,3F/4F,3房2廳1衛,N
2018-10-22,480.0,27.09,17.72,78.63%,套房,27,4F/11F,1房1廳1衛,N
2018-10-22,1198.0,64.88,18.47,60.10%,住宅大樓,,13F/14F,2房1廳1衛,Y
2018-10-21,982.0,32.19,30.47,69.24%,華廈,20,6F/7F,3房2廳2衛,N
2018-10-21,950.0,28.41,33.4,91.13%,公寓,31,5F/5F,3房2廳2衛,N
2018-10-20,830.0,27.2,30.55,60.74%,住宅大樓,16,10F/14F,3房2廳2衛,N
2018-10-20,1500.0,47.81,31.35,70.24%,華廈,35,5F/7F,3房2廳2衛,N
2018-10-20,1100.0,49.91,22.05,55.82%,住宅大樓,14,13F/19F,2房2廳1衛,N
2018-10-20,700.0,27.3,25.64,57.81%,華廈,,4F/6F,2房2廳1衛,Y
2018-10-20,1160.0,62.81,18.47,60.10%,住宅大樓,,9F/14F,1房2廳1衛,Y
2018-10-19,880.0,27.09,32.48,86.42%,公寓,38,5F/5F,3房2廳2衛,N
2018-10-19,800.0,28.0,28.6,87.71%,公寓,33,5F/5F,3房2廳2衛,N
2018-10-19,580.0,19.41,29.82,90.58%,公寓,33,5F/5F,3房2廳1衛,N
2018-10-19,1160.0,62.81,18.47,60.10%,住宅大樓,,9F/14F,2房1廳1衛,Y
2018-10-19,1168.0,63.19,18.47,60.10%,住宅大樓,,10F/14F,2房1廳1衛,Y
2018-10-19,1188.0,64.31,18.47,60.10%,住宅大樓,,12F/14F,1房2廳1衛,Y
2018-10-18,716.0,20.91,34.32,69.84%,住宅大樓,22,8F/18F,3房2廳2衛,N
2018-10-18,376.0,15.4,24.48,75.94%,公寓,20,4F/4F,2房1廳1衛,N
2018-10-18,3000.0,31.2,96.29,,廠辦,35,2F/5F,2房1廳1衛,N
2018-10-18,1450.0,36.31,39.9,60.82%,住宅大樓,1,7F/14F,3房2廳2衛,N
2018-10-18,1030.0,44.0,23.4,100.00%,公寓,,3F/4F,3房2廳1衛,N
2018-10-18,350.0,33.69,10.38,100.00%,公寓,,2F/4F,1房1廳1衛,N
2018-10-18,840.0,27.8,30.17,88.13%,公寓,37,3F/5F,3房2廳2衛,N
2018-10-17,1000.0,45.19,22.12,100.00%,公寓,40,1F/4F,3房1廳1衛,N
2018-10-17,1150.0,38.41,29.94,92.06%,公寓,40,3F/4F,4房2廳2衛,N
2018-10-17,350.0,15.4,22.75,83.98%,住宅大樓,23,16F/17F,2房1廳1衛,N
2018-10-17,230.0,28.91,7.96,68.48%,套房,23,5F/13F,1房1廳1衛,N
2018-10-16,1453.0,0.0,29.99,,透天厝,19,A/3F,2房2廳2衛,N
2018-10-16,740.0,31.59,23.4,64.64%,住宅大樓,20,10F/16F,2房2廳1衛,N
2018-10-16,1140.0,41.59,27.42,93.93%,公寓,40,2F/5F,3房2廳1衛,N
2018-10-16,1000.0,38.5,25.98,85.15%,公寓,40,4F/4F,3房2廳1衛,N
2018-10-16,805.0,31.2,25.77,58.21%,華廈,8,5F/7F,2房2廳1衛,N
2018-10-16,1840.0,60.91,30.19,58.66%,住宅大樓,,7F/14F,2房2廳2衛,Y
2018-10-15,250.0,29.59,8.44,75.91%,套房,26,14F/14F,,N
2018-10-15,750.0,31.8,23.62,68.35%,住宅大樓,23,8F/16F,2房1廳1衛,N
2018-10-15,2450.0,54.31,45.11,89.77%,公寓,34,1F/5F,4房2廳2衛,N
2018-10-15,2675.0,27.8,96.29,,廠辦,35,4F/5F,,N
2018-10-15,2725.0,27.8,98.08,,廠辦,35,4F/5F,,N
2018-10-15,625.0,23.91,26.15,89.73%,公寓,38,2F/6F,2房2廳1衛,N
2018-10-15,4680.0,42.19,110.88,,辦公商業大樓,30,3F/7F,0房1廳2衛,N
2018-10-14,1460.0,53.41,27.32,57.13%,住宅大樓,2,8F/26F,2房2廳1衛,N
2018-10-13,820.0,22.41,36.62,67.98%,華廈,13,2F/9F,3房2廳2衛,N
2018-10-13,805.0,36.69,21.92,88.40%,公寓,42,3F/4F,2房2廳1衛,N
2018-10-12,500.0,17.8,28.04,77.56%,華廈,22,7F/10F,3房2廳2衛,N
2018-10-12,220.0,0.0,16.52,,透天厝,36,A/2F,4房1廳2衛,N
2018-10-12,1770.0,63.19,28.0,56.23%,住宅大樓,1,6F/14F,2房2廳1衛,N
2018-10-12,1450.0,50.5,28.74,57.42%,住宅大樓,6,18F/210F,1房1廳1衛,N
2018-10-12,1070.0,28.8,37.2,65.30%,住宅大樓,20,12F/16F,3房2廳2衛,N
2018-10-11,606.0,22.8,26.62,89.73%,公寓,33,5F/5F,3房2廳2衛,N
2018-10-11,850.0,27.8,30.6,88.62%,公寓,38,3F/5F,3房2廳2衛,N
2018-10-11,1068.0,35.5,30.13,84.49%,公寓,41,2F/4F,4房2廳1衛,N
2018-10-11,670.0,21.0,31.93,69.17%,住宅大樓,22,12F/18F,3房2廳2衛,N
2018-10-11,1663.0,61.81,26.9,61.40%,住宅大樓,,10F/14F,2房2廳1衛,N
2018-10-10,860.0,45.5,18.89,71.63%,住宅大樓,22,11F/14F,2房1廳1衛,N
2018-10-10,850.0,35.41,24.0,100.00%,公寓,45,4F/4F,3房2廳1衛,N
2018-10-10,1490.0,0.0,96.4,,透天厝,28,A/3F,5房2廳3衛,N
2018-10-10,1778.0,58.0,30.65,61.61%,住宅大樓,1,4F/210F,2房2廳1衛,N
2018-10-09,1080.0,35.81,30.2,88.86%,公寓,31,2F/5F,3房2廳2衛,N
2018-10-09,1310.0,56.59,23.14,65.07%,住宅大樓,9,7F/26F,2房2廳1衛,N
2018-10-09,5600.0,0.0,111.69,,透天厝,12,A/4F,4房2廳4衛,N
2018-10-09,830.0,48.41,17.14,71.64%,套房,15,14F/14F,1房1廳1衛,N
2018-10-09,660.0,0.0,36.9,,透天厝,36,A/2F,3房2廳3衛,N
2018-10-09,990.0,58.19,17.02,54.82%,住宅大樓,,5F/14F,2房1廳1衛,N
2018-10-08,260.0,9.7,26.82,79.82%,住宅大樓,27,8F/11F,2房2廳1衛,N
2018-10-08,2550.0,66.81,38.17,89.61%,公寓,32,1F/5F,,N
2018-10-08,668.0,31.8,21.02,78.53%,住宅大樓,21,2F/15F,2房2廳1衛,N
2018-10-08,1250.0,39.19,31.86,96.05%,公寓,43,4F/4F,3房2廳2衛,N
2018-10-07,1850.0,69.81,26.52,57.56%,住宅大樓,5,5F/28F,2房1廳1衛,N
2018-10-07,380.0,50.41,7.54,78.41%,住宅大樓,22,8F/12F,0房0廳1衛,N
2018-10-07,627.0,23.09,27.15,66.51%,華廈,11,4F/8F,2房1廳1衛,N
2018-10-07,2383.0,0.0,85.17,,工廠,38,4F/5F,,N
2018-10-07,1990.0,56.69,35.07,60.00%,住宅大樓,5,9F/23F,3房2廳2衛,N
2018-10-07,1120.0,34.31,32.67,89.11%,公寓,39,3F/5F,3房2廳1衛,N
2018-10-07,1000.0,29.0,34.47,96.93%,公寓,36,4F/5F,8房1廳8衛,N
2018-10-06,840.0,21.2,39.62,72.68%,華廈,33,6F/8F,3房2廳2衛,N
2018-10-06,1200.0,42.59,28.15,84.79%,公寓,45,2F/4F,3房2廳2衛,N
2018-10-06,2500.0,0.0,67.38,,透天厝,16,A/3F,5房3廳3衛,N
2018-10-06,1630.0,51.69,31.56,57.33%,住宅大樓,16,7F/14F,3房2廳2衛,N
2018-10-06,720.0,24.3,29.57,81.10%,公寓,40,4F/5F,3房2廳1衛,N
2018-10-06,1600.0,0.0,67.1,,透天厝,29,A/3F,5房3廳3衛,N
2018-10-04,700.0,21.7,32.19,88.58%,公寓,33,4F/5F,3房2廳2衛,N
2018-10-04,1230.0,45.0,27.32,74.77%,住宅大樓,32,6F/12F,3房2廳1衛,N
2018-10-03,820.0,37.09,22.11,100.00%,公寓,,2F/4F,2房2廳1衛,N
2018-10-03,1760.0,67.69,26.0,100.00%,公寓,,1F/4F,3房2廳2衛,N
2018-10-03,618.0,25.5,24.2,100.00%,公寓,41,2F/4F,3房1廳1衛,N
2018-10-02,1600.0,38.59,41.5,89.73%,公寓,32,4F/5F,3房2廳2衛,N
2018-10-02,880.0,35.09,25.09,86.43%,公寓,41,2F/4F,3房2廳1衛,N
2018-10-02,670.0,25.59,26.21,85.08%,公寓,36,3F/5F,3房2廳2衛,N
2018-10-02,450.0,18.7,24.03,77.73%,公寓,20,3F/4F,2房2廳2衛,N
2018-10-02,874.0,27.2,32.15,,其他,2,3F/14F,,N
2018-10-02,1017.0,35.0,29.05,58.11%,住宅大樓,1,7F/14F,2房1廳1衛,N
2018-10-01,850.0,34.69,24.49,86.78%,公寓,47,3F/4F,2房1廳1衛,N
2018-10-01,1223.0,55.0,22.24,55.79%,住宅大樓,14,11F/19F,2房1廳1衛,N
2018-10-01,1155.0,41.0,28.18,92.22%,公寓,38,4F/5F,3房2廳2衛,N
2018-10-01,550.0,19.59,28.13,100.00%,公寓,,3F/4F,2房1廳1衛,N
2018-10-01,1250.0,36.0,34.73,97.08%,公寓,37,4F/5F,3房2廳2衛,N
2018-10-01,1156.0,32.91,35.17,54.28%,華廈,1,4F/7F,2房2廳1衛,N
2018-10-01,1050.0,34.91,30.11,79.98%,公寓,43,3F/4F,4房0廳4衛,N
2018-10-01,800.0,26.3,30.41,89.18%,公寓,38,4F/5F,3房2廳2衛,N
2018-09-30,700.0,26.91,26.03,100.00%,公寓,42,3F/4F,3房1廳1衛,N
2018-09-30,1600.0,0.0,34.9,,透天厝,46,A/2F,4房3廳3衛,N
2018-09-30,808.0,36.5,22.13,80.02%,住宅大樓,21,18F/18F,2房1廳1衛,N
2018-09-30,650.0,25.0,26.05,84.00%,公寓,40,2F/4F,3房2廳1衛,N
2018-09-29,680.0,34.59,19.63,73.47%,住宅大樓,16,7F/14F,2房2廳1衛,N
2018-09-28,2030.0,57.69,35.18,57.04%,住宅大樓,,1F/22F,2房2廳2衛,Y
2018-09-28,830.0,49.69,16.69,78.40%,住宅大樓,22,8F/14F,1房1廳1衛,N
2018-09-28,354.0,25.0,14.17,70.58%,套房,11,4F/8F,1房1廳1衛,N
2018-09-28,1180.0,30.2,39.03,79.92%,公寓,39,4F/5F,3房2廳2衛,N
2018-09-28,465.0,15.7,29.7,80.86%,公寓,31,3F/4F,3房2廳1衛,N
2018-09-28,1180.0,40.69,28.98,85.11%,公寓,43,4F/4F,3房2廳1衛,N
2018-09-27,1010.0,36.0,28.04,61.42%,住宅大樓,1,7F/14F,2房1廳1衛,N
2018-09-27,420.0,39.09,10.74,85.90%,套房,25,4F/12F,1房0廳1衛,N
2018-09-27,955.0,33.5,28.49,83.00%,公寓,43,3F/4F,3房2廳1衛,N
2018-09-27,320.0,8.0,39.97,81.40%,華廈,25,4F/7F,3房2廳2衛,N
2018-09-27,780.0,26.8,29.06,74.83%,住宅大樓,27,10F/11F,2房2廳1衛,N
2018-09-27,550.0,20.8,26.49,89.45%,公寓,37,4F/5F,3房2廳1衛,N
2018-09-26,420.0,15.6,26.95,86.98%,公寓,37,4F/5F,3房2廳1衛,N
2018-09-26,1040.0,0.0,33.66,,透天厝,35,A/3F,4房3廳3衛,N
2018-09-26,221.0,8.0,27.76,85.53%,公寓,37,1F/5F,3房2廳2衛,N
2018-09-26,780.0,61.09,12.77,55.47%,套房,14,10F/19F,1房1廳1衛,N
2018-09-25,740.0,26.41,28.04,90.94%,公寓,33,4F/5F,3房1廳1衛,N
2018-09-25,950.0,31.59,30.03,83.61%,公寓,37,1F/5F,1房1廳1衛,N
2018-09-25,1150.0,37.41,30.73,83.84%,公寓,40,4F/5F,3房2廳2衛,N
2018-09-25,485.0,35.09,13.82,85.10%,住宅大樓,18,10F/210F,2房1廳1衛,N
2018-09-25,1000.0,0.0,26.14,,透天厝,46,A/2F,2房4廳3衛,N
2018-09-24,912.0,35.59,25.64,92.39%,公寓,34,4F/5F,3房2廳2衛,N
2018-09-24,630.0,17.09,36.88,90.67%,公寓,33,4F/5F,4房2廳2衛,N
2018-09-24,850.0,51.09,16.63,51.66%,套房,3,5F/6F,1房1廳1衛,N
2018-09-23,450.0,20.5,21.96,71.48%,住宅大樓,22,10F/15F,2房2廳1衛,N
2018-09-23,979.0,30.59,32.02,,其他,2,6F/14F,,N
2018-09-23,450.0,0.0,27.21,,透天厝,38,A/2F,3房2廳2衛,N
2018-09-23,480.0,14.5,33.21,83.13%,公寓,36,4F/4F,3房2廳1衛,N
2018-09-22,172.0,9.0,19.16,63.42%,套房,37,3F/7F,1房1廳1衛,N
2018-09-22,830.0,63.19,13.14,77.25%,套房,22,5F/24F,1房1廳1衛,N
2018-09-22,1700.0,52.59,32.31,56.47%,華廈,10,8F/10F,2房2廳1衛,N
2018-09-22,1200.0,37.41,32.11,88.03%,公寓,42,2F/4F,3房2廳2衛,N
2018-09-22,993.0,27.09,36.71,60.21%,華廈,1,4F/7F,3房2廳2衛,N
2018-09-21,1540.0,55.09,27.93,57.02%,住宅大樓,6,18F/210F,2房2廳1衛,N
2018-09-21,3580.0,43.91,81.51,64.61%,住宅大樓,12,4F/23F,4房2廳3衛,N
2018-09-21,1430.0,59.31,24.13,100.00%,公寓,39,1F/4F,3房2廳1衛,N
2018-09-21,1072.0,36.0,29.74,60.92%,住宅大樓,2,4F/12F,3房2廳2衛,N
2018-09-21,1150.0,32.81,35.09,56.26%,住宅大樓,2,3F/12F,3房2廳2衛,N
2018-09-20,100.0,36.69,2.73,100.00%,公寓,,2F/4F,3房2廳1衛,N
2018-09-20,2375.0,57.5,41.32,63.23%,住宅大樓,,3F/15F,3房2廳2衛,Y
2018-09-20,891.0,27.7,32.15,,其他,2,5F/14F,,N
2018-09-20,1058.0,44.5,23.75,84.34%,公寓,40,3F/5F,3房2廳1衛,N
2018-09-20,10469.6,0.0,202.82,,透天厝,,A/3F,,N
2018-09-20,1065.0,39.81,26.75,89.77%,公寓,39,3F/4F,3房2廳1衛,N
2018-09-19,1103.9,34.5,31.96,78.13%,住宅大樓,21,4F/12F,2房2廳1衛,N
2018-09-19,1152.0,39.81,28.94,81.74%,公寓,30,4F/5F,3房2廳2衛,N
2018-09-19,780.0,40.5,19.28,70.53%,住宅大樓,22,1F/13F,2房1廳2衛,N
2018-09-18,861.0,51.0,16.87,64.09%,住宅大樓,,3F/15F,1房1廳1衛,Y
2018-09-18,1680.0,46.59,36.02,60.38%,住宅大樓,9,2F/15F,2房2廳2衛,N
2018-09-18,1430.0,46.31,30.9,64.93%,住宅大樓,19,29F/32F,2房2廳2衛,N
2018-09-18,1000.0,29.41,33.99,100.00%,公寓,,2F/4F,4房2廳2衛,N
2018-09-18,1050.0,30.8,34.07,75.40%,華廈,25,4F/7F,3房2廳2衛,N
2018-09-18,1325.0,0.0,46.02,,透天厝,29,A/3F,4房2廳2衛,N
2018-09-18,1280.0,41.31,30.98,100.00%,公寓,,4F/4F,3房2廳2衛,N
2018-09-17,1405.0,57.19,24.56,61.42%,住宅大樓,,5F/15F,2房2廳1衛,Y
2018-09-17,735.0,34.59,21.26,79.52%,住宅大樓,18,12F/18F,3房2廳2衛,N
2018-09-17,740.0,17.8,41.55,78.64%,公寓,30,5F/5F,6房2廳2衛,N
2018-09-17,540.0,22.8,23.66,86.09%,公寓,36,4F/5F,3房2廳1衛,N
2018-09-17,1606.0,41.19,39.0,75.08%,華廈,30,8F/10F,3房2廳2衛,N
2018-09-17,640.0,20.2,31.73,77.52%,公寓,20,3F/4F,3房2廳2衛,N
2018-09-16,2150.0,64.31,33.44,85.23%,公寓,35,1F/5F,3房2廳2衛,N
2018-09-16,975.0,35.0,27.84,57.90%,住宅大樓,4,6F/15F,2房2廳1衛,N
2018-09-15,880.0,64.5,13.64,61.41%,套房,9,9F/19F,1房1廳1衛,N
2018-09-15,1888.0,0.0,72.68,,透天厝,23,A/2F,5房5廳4衛,N
2018-09-15,860.0,18.41,46.82,81.75%,住宅大樓,23,10F/16F,4房2廳2衛,N
2018-09-15,1300.0,35.41,36.76,62.59%,住宅大樓,8,4F/15F,3房2廳2衛,N
2018-09-15,1050.0,32.69,32.12,72.55%,住宅大樓,23,3F/12F,2房2廳1衛,N
2018-09-15,1450.0,49.81,29.1,79.88%,公寓,34,1F/5F,3房2廳1衛,N
2018-09-14,600.0,30.09,19.92,100.00%,公寓,47,4F/4F,3房1廳1衛,N
2018-09-14,1125.0,34.81,32.32,90.41%,公寓,,2F/4F,3房2廳2衛,N
2018-09-14,1800.0,70.38,25.59,100.00%,公寓,40,1F/4F,3房2廳2衛,N
2018-09-14,680.0,27.41,24.85,77.58%,公寓,37,4F/5F,2房2廳1衛,N
2018-09-14,880.0,49.69,17.69,67.69%,住宅大樓,15,5F/14F,1房1廳1衛,N
2018-09-14,780.0,25.91,30.17,89.32%,公寓,38,3F/5F,3房2廳2衛,N
2018-09-13,970.0,39.5,24.58,100.00%,公寓,41,3F/5F,3房2廳1衛,N
2018-09-13,525.0,32.41,16.18,69.61%,套房,11,6F/7F,1房1廳1衛,N
2018-09-12,1000.0,32.09,31.13,59.30%,住宅大樓,2,7F/15F,2房2廳1衛,N
2018-09-12,275.0,7.3,37.88,65.81%,住宅大樓,22,8F/25F,3房2廳2衛,N
2018-09-11,1225.0,48.31,25.35,56.20%,住宅大樓,,3F/15F,2房2廳1衛,Y
2018-09-11,1100.0,38.91,28.31,68.25%,住宅大樓,9,1F/12F,2房2廳2衛,N
2018-09-11,3850.0,0.0,75.5,,透天厝,34,A/2F,5房3廳3衛,N
2018-09-10,2099.0,54.31,38.65,59.82%,住宅大樓,,4F/18F,3房2廳2衛,Y
2018-09-10,880.0,39.81,22.13,80.02%,住宅大樓,21,3F/18F,2房2廳1衛,N
2018-09-10,2860.0,56.91,50.25,63.97%,住宅大樓,,4F/15F,4房2廳2衛,Y
2018-09-10,2860.0,56.91,50.25,63.97%,住宅大樓,,4F/15F,4房2廳2衛,Y
2018-09-10,1325.0,56.69,23.38,57.15%,住宅大樓,,7F/22F,2房1廳1衛,Y
2018-09-10,535.0,25.7,20.85,75.05%,套房,23,9F/21F,1房1廳1衛,N
2018-09-10,330.0,18.7,17.66,70.09%,住宅大樓,22,12F/17F,2房2廳1衛,N
2018-09-10,1000.0,0.0,40.02,,透天厝,29,A/3F,5房2廳2衛,N
2018-09-10,470.0,19.8,23.76,88.45%,公寓,37,4F/5F,3房2廳1衛,N
2018-09-10,1350.0,36.59,36.89,100.00%,公寓,39,4F/5F,4房2廳2衛,N
2018-09-09,1250.0,42.0,29.79,85.30%,公寓,42,4F/4F,3房2廳1衛,N
2018-09-09,1450.0,42.09,34.46,100.00%,公寓,38,3F/5F,3房2廳2衛,N
2018-09-09,550.0,15.2,36.11,90.72%,公寓,34,2F/5F,3房2廳2衛,N
2018-09-08,1369.0,39.91,34.32,84.06%,公寓,35,2F/5F,3房2廳1衛,N
2018-09-08,1500.0,57.69,26.02,60.16%,住宅大樓,,5F/18F,2房2廳1衛,Y
2018-09-08,900.0,31.41,28.68,100.00%,公寓,40,2F/5F,2房2廳2衛,N
2018-09-07,1528.0,58.69,26.02,60.16%,住宅大樓,,7F/18F,2房2廳1衛,Y
2018-09-07,1180.0,40.0,29.49,88.91%,公寓,45,4F/4F,3房2廳1衛,N
2018-09-07,1300.0,34.31,37.94,64.47%,住宅大樓,6,2F/12F,3房2廳2衛,N
2018-09-07,873.0,49.5,17.62,61.18%,住宅大樓,16,3F/14F,1房1廳1衛,N
2018-09-06,698.0,26.2,26.6,77.21%,公寓,42,2F/4F,2房2廳1衛,N
2018-09-06,565.0,27.3,20.69,100.00%,公寓,42,2F/4F,3房2廳1衛,N
2018-09-05,1310.0,60.09,21.81,64.11%,住宅大樓,9,4F/27F,1房1廳1衛,N
2018-09-05,990.0,52.81,18.74,75.27%,華廈,23,1F/8F,2房1廳1衛,N
2018-09-04,780.0,43.69,17.85,75.52%,住宅大樓,19,2F/14F,2房1廳1衛,N
2018-09-04,690.0,24.59,28.03,68.08%,華廈,13,5F/9F,3房2廳2衛,N
2018-09-04,1620.0,60.19,26.91,61.48%,住宅大樓,10,8F/15F,2房2廳1衛,N
2018-09-04,1200.0,52.59,22.83,62.31%,華廈,11,2F/5F,2房1廳1衛,N
2018-09-03,1700.0,63.41,26.81,66.95%,住宅大樓,9,8F/27F,2房2廳1衛,N
2018-09-03,850.0,30.8,27.59,94.04%,公寓,42,4F/4F,3房2廳1衛,N
2018-09-02,1600.0,57.59,27.76,57.36%,住宅大樓,6,14F/210F,2房2廳1衛,N
2018-09-02,960.0,35.19,27.3,100.00%,公寓,,3F/4F,3房1廳1衛,N
2018-09-02,1030.0,39.69,25.97,85.17%,公寓,40,3F/4F,3房2廳1衛,N
2018-09-02,380.0,37.59,10.12,67.94%,套房,21,10F/12F,1房1廳1衛,N
2018-09-02,690.0,39.31,17.55,66.01%,住宅大樓,7,1F/15F,2房1廳1衛,N
2018-09-02,458.0,50.91,9.01,62.38%,套房,20,6F/7F,1房1廳1衛,N
2018-09-01,715.0,0.0,33.99,,透天厝,35,A/3F,3房2廳3衛,N
2018-09-01,820.0,39.19,20.95,100.00%,公寓,,3F/4F,2房1廳1衛,N
2018-08-31,715.0,61.19,11.69,64.54%,套房,12,9F/18F,1房1廳1衛,N
2018-08-31,7100.0,0.0,87.45,,透天厝,,A/3F,3房3廳3衛,N
2018-08-31,900.0,45.31,19.88,100.00%,公寓,,4F/4F,2房1廳1衛,N
2018-08-31,1200.0,39.81,30.12,87.91%,公寓,45,2F/4F,3房2廳1衛,N
2018-08-31,772.0,36.91,20.95,100.00%,公寓,,3F/4F,2房2廳1衛,N
2018-08-31,975.0,35.0,27.84,57.90%,住宅大樓,4,2F/15F,2房1廳1衛,N
2018-08-31,1716.0,60.0,28.58,61.94%,住宅大樓,,2F/15F,2房2廳1衛,Y
2018-08-30,1370.0,34.09,40.19,64.45%,住宅大樓,7,2F/12F,3房2廳2衛,N
2018-08-30,3300.0,0.0,90.31,,透天厝,25,A/2F,6房3廳4衛,N
2018-08-30,670.0,23.91,28.03,68.08%,華廈,12,8F/9F,3房2廳2衛,N
2018-08-30,1800.0,0.0,62.87,,透天厝,40,A/2F,4房3廳3衛,N
2018-08-29,998.0,25.41,39.24,58.57%,華廈,5,6F/8F,4房2廳2衛,N
2018-08-29,740.0,26.0,28.51,59.57%,華廈,5,6F/8F,2房2廳1衛,N
2018-08-29,900.0,34.41,26.15,89.88%,公寓,42,2F/4F,3房2廳1衛,N
2018-08-28,1650.0,49.91,33.07,58.74%,住宅大樓,15,5F/14F,3房2廳2衛,N
2018-08-28,375.0,12.6,29.65,85.77%,公寓,37,5F/5F,3房2廳2衛,N
2018-08-27,333.1,17.0,19.58,66.86%,華廈,19,1F/6F,2房1廳1衛,N
2018-08-27,1020.0,28.7,35.52,64.97%,華廈,2,6F/7F,3房2廳2衛,N
2018-08-27,770.0,58.59,13.14,62.65%,套房,9,7F/9F,0房1廳1衛,N
2018-08-27,918.0,54.41,16.87,64.09%,住宅大樓,,6F/15F,1房1廳1衛,Y
2018-08-26,745.0,47.69,15.63,57.67%,套房,14,19F/19F,1房1廳1衛,N
2018-08-26,405.0,19.41,20.85,75.90%,住宅大樓,22,12F/19F,2房2廳1衛,N
2018-08-25,1470.0,43.91,33.49,85.63%,公寓,38,4F/5F,5房0廳5衛,N
2018-08-25,1290.0,0.0,39.32,,透天厝,20,A/2F,3房3廳4衛,N
2018-08-24,960.0,54.09,17.74,60.76%,住宅大樓,16,8F/14F,1房1廳1衛,N
2018-08-24,860.0,31.8,27.07,82.80%,公寓,45,4F/4F,5房3廳1衛,N
2018-08-24,625.0,18.7,33.36,88.84%,公寓,34,2F/5F,3房2廳2衛,N
2018-08-24,365.0,29.2,12.49,79.05%,套房,25,13F/14F,,N
2018-08-24,445.0,19.0,23.44,87.15%,公寓,34,2F/5F,3房2廳1衛,N
2018-08-24,1800.0,52.31,34.41,100.00%,公寓,,1F/5F,3房2廳2衛,N
2018-08-24,738.0,35.09,21.01,100.00%,公寓,43,4F/4F,3房2廳1衛,N
2018-08-24,535.0,25.7,20.85,75.05%,住宅大樓,23,3F/21F,2房1廳1衛,N
2018-08-24,1188.0,28.91,41.08,88.04%,公寓,43,4F/4F,4房2廳2衛,N
2018-08-24,970.0,57.5,16.87,64.09%,住宅大樓,,12F/15F,1房1廳1衛,Y
2018-08-24,1388.0,54.81,25.35,56.20%,住宅大樓,,12F/15F,2房2廳1衛,Y
2018-08-24,940.0,55.69,16.87,64.09%,住宅大樓,,9F/15F,1房1廳1衛,Y
2018-08-23,650.0,22.5,28.83,84.72%,住宅大樓,23,1F/16F,2房1廳2衛,N
2018-08-23,510.0,21.59,23.57,49.36%,住宅大樓,21,12F/12F,2房1廳1衛,N
2018-08-23,125.0,17.2,7.28,100.00%,公寓,46,五層/--,1房0廳1衛,N
2018-08-23,2600.0,25.91,100.52,,廠辦,31,4F/5F,1房0廳2衛,N
2018-08-22,840.0,37.5,22.39,88.23%,公寓,41,4F/4F,3房1廳1衛,N
2018-08-22,260.0,36.31,7.15,65.54%,住宅大樓,22,8F/13F,1房1廳1衛,N
2018-08-22,1120.0,37.91,29.55,85.06%,公寓,45,2F/4F,3房2廳1衛,N
2018-08-22,850.0,40.0,21.24,100.00%,公寓,38,1F/5F,3房2廳1衛,N
2018-08-22,450.0,21.5,20.96,75.48%,住宅大樓,22,17F/19F,2房1廳1衛,N
2018-08-22,920.0,36.19,25.41,100.00%,公寓,,4F/4F,3房2廳1衛,N
2018-08-21,1290.0,51.5,25.07,100.00%,公寓,42,1F/4F,3房2廳1衛,N
2018-08-21,1850.0,66.12,28.0,56.23%,住宅大樓,1,13F/14F,2房2廳1衛,N
2018-08-21,900.0,34.59,26.01,69.16%,住宅大樓,24,12F/12F,3房1廳1衛,N
2018-08-21,440.0,20.59,21.34,70.44%,華廈,10,2F/8F,1房2廳1衛,N
2018-08-21,708.0,28.5,24.86,90.11%,公寓,33,2F/5F,3房2廳1衛,N
2018-08-21,1820.0,0.0,10.34,,透天厝,71,A/1F,3房2廳2衛,N
2018-08-21,580.0,13.7,42.46,72.71%,住宅大樓,26,9F/16F,4房1廳2衛,N
2018-08-21,800.0,42.41,18.88,58.86%,住宅大樓,23,5F/14F,2房2廳1衛,N
2018-08-21,610.0,16.91,36.05,70.11%,住宅大樓,19,3F/210F,3房2廳2衛,N
2018-08-21,815.0,53.5,15.24,58.25%,住宅大樓,,15F/15F,1房2廳1衛,Y
2018-08-20,220.0,8.1,27.1,90.33%,公寓,36,5F/5F,3房3廳3衛,N
2018-08-20,7800.0,0.0,194.36,,透天厝,4,A/3F,,N
2018-08-20,970.0,57.5,16.87,64.09%,住宅大樓,,11F/15F,1房1廳1衛,Y
2018-08-19,1600.0,45.0,35.59,81.31%,公寓,29,1F/5F,3房2廳2衛,N
2018-08-19,1650.0,43.0,38.41,63.11%,住宅大樓,33,2F/12F,3房2廳2衛,N
2018-08-18,525.0,19.41,27.11,84.49%,公寓,28,4F/5F,3房2廳1衛,N
2018-08-18,1300.0,44.41,29.31,96.10%,公寓,47,3F/3F,3房2廳1衛,N
2018-08-18,856.0,45.91,18.65,82.29%,華廈,26,4F/6F,4房2廳2衛,N
2018-08-17,1010.0,37.31,27.09,64.99%,住宅大樓,5,2F/12F,2房2廳1衛,N
2018-08-17,570.0,19.7,28.95,100.00%,公寓,46,一層/--,3房2廳1衛,N
2018-08-17,868.0,0.0,39.32,,透天厝,20,A/2F,3房2廳2衛,N
2018-08-17,875.0,23.3,37.56,100.00%,公寓,40,2F/2F,2房2廳1衛,N
2018-08-17,875.0,23.3,37.56,100.00%,公寓,40,2F/2F,3房2廳1衛,N
2018-08-17,691.0,24.91,27.72,87.56%,公寓,42,2F/4F,3房2廳2衛,N
2018-08-16,250.0,12.4,20.19,100.00%,公寓,38,5F/5F,3房2廳2衛,N
2018-08-16,18413.9,28.5,646.11,,廠辦,29,10F/10F,,N
2018-08-16,1200.0,28.5,42.12,77.28%,住宅大樓,26,6F/17F,3房2廳2衛,N
2018-08-16,1070.0,33.0,32.47,82.99%,華廈,24,6F/10F,3房2廳2衛,N
2018-08-16,1370.0,44.31,30.9,64.93%,住宅大樓,19,31F/32F,3房2廳2衛,N
2018-08-15,440.0,17.2,25.54,79.45%,公寓,37,3F/5F,3房2廳1衛,N
2018-08-15,880.0,42.0,20.95,100.00%,公寓,,2F/4F,2房2廳1衛,N
2018-08-15,1500.0,35.41,42.38,86.79%,公寓,42,3F/4F,4房2廳2衛,N
2018-08-15,1608.0,61.81,26.03,60.17%,住宅大樓,,10F/18F,2房2廳1衛,Y
2018-08-14,100.4,0.0,2.7,,透天厝,,A/1F,7房2廳1衛,N
2018-08-14,1752.0,0.0,32.15,,透天厝,34,A/2F,3房3廳2衛,N
2018-08-14,6350.0,0.0,33.11,,透天厝,,A/2F,4房2廳2衛,N
2018-08-14,1180.0,41.41,28.51,59.83%,住宅大樓,2,2F/14F,2房2廳1衛,N
2018-08-13,1938.0,45.59,42.52,61.11%,住宅大樓,6,4F/28F,3房2廳2衛,N
2018-08-13,927.0,20.5,45.12,65.47%,住宅大樓,19,27F/32F,4房2廳2衛,N
2018-08-13,330.0,14.6,22.66,84.86%,住宅大樓,23,4F/17F,3房2廳2衛,N
2018-08-13,1850.0,60.41,30.65,61.61%,住宅大樓,1,7F/210F,2房2廳1衛,N
2018-08-12,1050.0,31.7,33.17,83.45%,公寓,45,4F/4F,3房2廳1衛,N
2018-08-12,1266.0,35.09,36.07,64.82%,住宅大樓,16,2F/14F,4房2廳2衛,N
2018-08-12,655.0,32.19,20.37,70.21%,住宅大樓,10,3F/15F,1房2廳1衛,N
2018-08-11,945.0,37.19,25.38,61.45%,住宅大樓,8,3F/13F,2房1廳1衛,N
2018-08-11,830.0,44.91,18.47,70.99%,套房,22,2F/14F,1房1廳1衛,N
2018-08-11,1790.0,50.81,35.25,60.12%,住宅大樓,5,2F/23F,3房2廳2衛,N
2018-08-11,819.0,29.59,27.65,,其他,2,6F/14F,,N
2018-08-11,1190.0,44.0,27.05,90.54%,公寓,34,1F/5F,3房2廳2衛,N
2018-08-11,1520.0,65.88,23.06,56.45%,住宅大樓,,11F/310F,2房2廳1衛,N
2018-08-10,700.0,47.41,14.77,67.34%,住宅大樓,22,7F/25F,1房1廳1衛,N
2018-08-10,455.0,19.5,23.34,71.12%,住宅大樓,22,15F/18F,2房2廳1衛,N
2018-08-10,750.0,19.0,39.37,80.70%,華廈,31,7F/8F,3房2廳2衛,N
2018-08-10,1670.0,71.88,23.23,63.75%,住宅大樓,13,13F/14F,2房2廳1衛,N
2018-08-10,1725.0,60.0,28.74,57.42%,住宅大樓,6,15F/210F,2房2廳1衛,N
2018-08-09,1180.0,35.09,33.63,84.50%,公寓,32,4F/5F,3房2廳2衛,N
2018-08-09,880.0,59.09,14.9,62.90%,套房,9,16F/19F,1房1廳1衛,N
2018-08-09,1300.0,48.59,26.73,56.55%,住宅大樓,1,3F/26F,2房2廳1衛,N
2018-08-09,380.0,21.3,17.85,69.36%,套房,22,4F/17F,1房2廳1衛,N
2018-08-09,395.0,17.91,22.05,88.75%,公寓,37,3F/5F,3房2廳1衛,N
2018-08-09,1950.0,56.0,34.84,57.39%,住宅大樓,,5F/22F,3房2廳2衛,Y
2018-08-08,1540.0,0.0,69.28,,透天厝,22,A/3F,3房2廳2衛,N
2018-08-08,598.6,60.0,9.98,61.13%,住宅大樓,1,8F/210F,3房2廳2衛,N
2018-08-08,670.0,28.5,23.51,87.28%,公寓,38,3F/5F,3房1廳1衛,N
2018-08-08,950.0,35.31,26.9,100.00%,公寓,40,5F/5F,3房2廳1衛,N
2018-08-08,1740.0,60.91,28.58,61.94%,住宅大樓,,10F/15F,2房2廳1衛,Y
2018-08-08,1180.0,41.41,28.51,59.83%,住宅大樓,2,2F/14F,2房2廳1衛,N
2018-08-07,320.0,31.3,10.21,77.84%,套房,25,9F/14F,1房1廳1衛,N
2018-08-07,1020.0,36.41,28.04,61.42%,住宅大樓,1,8F/14F,2房1廳1衛,N
2018-08-06,1060.0,33.31,31.84,70.91%,住宅大樓,17,11F/14F,3房2廳2衛,N
2018-08-06,570.0,21.7,26.21,87.94%,公寓,35,1F/4F,3房2廳1衛,N
2018-08-06,2300.0,71.5,32.19,83.77%,公寓,33,1F/5F,2房2廳2衛,N
2018-08-06,5955.0,0.0,102.6,,透天厝,,A/3F,,N
2018-08-05,390.0,15.9,24.48,75.94%,公寓,20,4F/4F,2房2廳2衛,N
2018-08-05,1040.0,0.0,35.55,,透天厝,21,A/2F,2房2廳2衛,N
2018-08-05,715.0,44.41,16.09,58.15%,套房,8,3F/5F,1房1廳1衛,N
2018-08-05,800.0,0.0,30.46,,透天厝,37,A/2F,3房2廳2衛,N
2018-08-04,913.9,27.59,33.17,61.67%,住宅大樓,8,2F/15F,3房2廳2衛,N
2018-08-04,760.0,39.5,19.23,73.66%,華廈,23,9F/10F,1房1廳1衛,N
2018-08-03,845.0,29.91,28.29,80.23%,住宅大樓,24,2F/12F,3房2廳2衛,N
2018-08-03,1062.0,36.5,29.09,64.79%,住宅大樓,6,2F/15F,2房2廳1衛,N
2018-08-03,1000.0,0.0,36.53,,透天厝,35,A/3F,4房2廳3衛,N
2018-08-03,1695.0,59.31,28.58,61.94%,住宅大樓,,6F/15F,2房2廳1衛,Y
2018-08-03,1650.0,63.41,26.03,60.17%,住宅大樓,,15F/18F,2房2廳1衛,Y
2018-08-03,1230.0,21.3,57.69,70.32%,住宅大樓,22,12F/19F,3房2廳2衛,N
2018-08-02,906.0,31.8,28.5,83.14%,華廈,23,4F/8F,3房2廳1衛,N
2018-08-02,1250.0,35.5,35.17,54.28%,華廈,,7F/7F,2房2廳1衛,N
2018-08-02,820.0,22.41,36.66,67.91%,華廈,12,6F/9F,4房2廳2衛,N
2018-08-02,1030.0,42.19,24.41,90.62%,公寓,39,3F/4F,3房2廳1衛,N
2018-08-02,2800.0,0.0,54.13,,透天厝,34,A/2F,6房2廳5衛,N
2018-08-02,860.0,31.2,27.55,81.09%,住宅大樓,23,12F/12F,3房2廳2衛,N
2018-08-02,1365.0,56.19,24.29,71.32%,華廈,18,2F/6F,3房1廳1衛,N
2018-08-02,660.0,22.3,29.65,72.60%,華廈,20,10F/10F,3房2廳2衛,N
2018-08-01,720.0,33.69,21.34,63.34%,華廈,19,6F/7F,1房1廳1衛,N
2018-08-01,1050.0,34.31,30.62,72.15%,住宅大樓,23,6F/13F,3房2廳2衛,N
2018-08-01,1206.0,34.31,35.17,54.28%,華廈,,3F/7F,2房2廳1衛,N
2018-08-01,880.0,50.41,17.48,100.00%,公寓,44,2F/4F,2房1廳1衛,N
2018-08-01,1050.0,22.2,47.27,59.25%,公寓,28,2F/5F,3房2廳2衛,N
2018-08-01,340.0,15.0,22.74,100.00%,公寓,40,2F/5F,3房2廳1衛,N
2018-08-01,1189.0,53.91,22.05,59.85%,住宅大樓,,11F/15F,1房2廳1衛,Y
2018-07-31,3079.0,56.0,54.98,59.30%,住宅大樓,,9F/31F,,Y
2018-07-31,1350.0,55.91,24.16,59.02%,套房,7,3F/210F,1房1廳1衛,N
2018-07-31,1080.0,37.31,28.96,86.83%,公寓,40,2F/5F,3房2廳2衛,N
2018-07-31,450.0,19.3,23.36,86.03%,公寓,36,5F/5F,3房2廳1衛,N
2018-07-31,886.0,27.0,32.86,77.75%,華廈,23,2F/6F,3房2廳2衛,N
2018-07-30,2100.0,53.91,38.95,64.38%,住宅大樓,9,7F/11F,3房2廳2衛,N
2018-07-30,936.0,25.09,37.32,73.22%,公寓,25,5F/5F,3房2廳1衛,N
2018-07-30,230.0,24.0,9.57,73.05%,華廈,18,2F/8F,3房2廳2衛,N
2018-07-29,945.0,31.5,30.04,89.05%,公寓,36,4F/5F,3房2廳2衛,N
2018-07-29,930.0,52.81,17.62,61.18%,住宅大樓,16,4F/14F,2房1廳1衛,N
2018-07-29,550.0,23.5,23.36,86.03%,公寓,36,1F/5F,3房1廳2衛,N
2018-07-28,498.3,11.9,41.89,72.44%,華廈,21,2F/8F,4房1廳2衛,N
2018-07-28,1050.0,51.19,20.52,100.00%,公寓,43,1F/4F,3房2廳2衛,N
2018-07-28,550.0,24.8,22.19,100.00%,公寓,40,1F/4F,3房2廳1衛,N
2018-07-27,575.0,29.3,19.64,64.35%,住宅大樓,11,13F/14F,2房1廳1衛,N
2018-07-27,350.0,12.1,28.9,87.60%,公寓,37,5F/5F,2房1廳1衛,N
2018-07-26,1080.0,0.0,27.24,,透天厝,37,A/2F,3房2廳3衛,N
2018-07-26,2490.0,48.19,51.67,58.52%,住宅大樓,6,7F/24F,0房2廳2衛,N
2018-07-26,1080.0,27.0,39.94,64.31%,華廈,12,1F/9F,3房2廳2衛,N
2018-07-25,400.0,14.5,27.51,61.11%,住宅大樓,1,5F/210F,3房2廳2衛,N
2018-07-25,400.0,14.1,28.31,63.04%,住宅大樓,1,5F/210F,3房2廳2衛,N
2018-07-25,815.0,31.0,26.31,100.00%,公寓,,4F/4F,,N
2018-07-25,1730.0,82.12,21.06,,店面（店舖),,1F/4F,1房1廳1衛,N
2018-07-25,1070.0,36.5,29.3,51.85%,華廈,,7F/7F,2房2廳1衛,N
2018-07-24,645.0,47.5,13.59,75.27%,公寓,40,3F/4F,1房2廳1衛,N
2018-07-24,1070.0,31.5,34.0,85.93%,公寓,38,2F/5F,3房2廳2衛,N
2018-07-24,590.0,20.59,28.68,63.77%,住宅大樓,23,3F/15F,2房1廳1衛,N
2018-07-24,1848.0,66.0,28.0,56.23%,住宅大樓,,12F/14F,2房2廳1衛,N
2018-07-23,505.0,18.09,27.88,100.00%,公寓,33,5F/5F,5房3廳3衛,N
2018-07-23,525.0,38.0,13.82,85.10%,住宅大樓,18,5F/22F,2房2廳1衛,N
2018-07-23,1435.0,46.31,31.01,83.30%,公寓,28,1F/5F,3房2廳2衛,N
2018-07-23,1040.0,40.0,26.0,100.00%,公寓,,3F/4F,3房2廳1衛,N
2018-07-23,1400.0,53.91,25.96,61.97%,住宅大樓,5,7F/27F,2房2廳1衛,N
2018-07-23,3088.8,52.5,58.83,65.95%,住宅大樓,9,3F/27F,4房2廳2衛,N
2018-07-22,810.0,24.8,32.63,76.46%,華廈,22,3F/6F,3房2廳2衛,N
2018-07-22,495.0,18.09,27.39,68.05%,華廈,24,4F/8F,3房1廳1衛,N
2018-07-22,1146.0,36.0,31.82,65.76%,華廈,9,3F/7F,3房2廳2衛,N
2018-07-22,858.0,61.0,14.07,61.69%,套房,9,16F/19F,1房1廳1衛,N
2018-07-22,385.0,16.3,23.66,83.40%,住宅大樓,23,9F/17F,2房2廳1衛,N
2018-07-22,650.0,31.91,20.39,100.00%,公寓,50,2F/4F,4房2廳1衛,N
2018-07-21,2573.0,59.0,43.61,63.31%,住宅大樓,,5F/210F,3房2廳2衛,N
2018-07-21,1748.0,58.59,29.81,57.31%,住宅大樓,,8F/22F,0房2廳2衛,Y
2018-07-21,1040.0,25.2,41.28,75.80%,住宅大樓,16,6F/14F,3房2廳2衛,N
2018-07-21,858.0,36.41,23.55,81.74%,公寓,39,2F/4F,3房2廳1衛,N
2018-07-21,565.0,32.09,17.6,75.37%,住宅大樓,26,2F/11F,1房1廳1衛,N
2018-07-20,720.0,24.09,29.87,83.34%,公寓,28,2F/5F,3房2廳1衛,N
2018-07-20,1280.0,38.09,33.62,62.59%,華廈,5,4F/7F,3房2廳2衛,N
2018-07-19,850.0,30.8,27.61,84.67%,公寓,35,1F/4F,3房2廳2衛,N
2018-07-19,1060.0,36.31,29.22,100.00%,公寓,,4F/4F,3房2廳1衛,N
2018-07-19,630.0,23.2,27.15,66.51%,華廈,10,4F/8F,2房1廳1衛,N
2018-07-18,475.3,12.9,36.77,84.79%,公寓,33,5F/5F,3房1廳1衛,N
2018-07-18,1280.0,58.09,22.05,59.85%,住宅大樓,,12F/15F,2房2廳1衛,Y
2018-07-18,370.0,20.59,17.95,68.97%,住宅大樓,22,10F/16F,2房2廳1衛,N
2018-07-18,1145.0,22.3,51.4,51.72%,住宅大樓,18,16F/16F,3房2廳2衛,N
2018-07-18,2313.0,51.41,44.99,59.01%,住宅大樓,5,8F/27F,3房2廳2衛,N
2018-07-18,603.3,30.0,20.11,79.26%,住宅大樓,23,5F/12F,2房1廳1衛,N
2018-07-17,1400.0,43.81,31.96,59.51%,住宅大樓,3,1F/12F,3房2廳2衛,N
2018-07-17,350.0,6.3,55.75,45.22%,華廈,24,7F/7F,3房2廳2衛,N
2018-07-17,721.0,21.8,33.13,91.54%,公寓,39,4F/4F,3房2廳2衛,N
2018-07-17,1738.0,52.09,33.39,83.23%,公寓,34,1F/5F,4房2廳2衛,N
2018-07-16,1290.0,55.09,23.4,57.10%,住宅大樓,,4F/21F,2房1廳1衛,Y
2018-07-16,1070.0,31.5,33.98,82.95%,公寓,29,2F/5F,3房2廳2衛,N
2018-07-16,788.0,58.91,13.37,62.75%,套房,9,5F/9F,0房1廳1衛,N
2018-07-16,950.0,30.0,31.64,78.85%,住宅大樓,24,9F/16F,3房2廳2衛,N
2018-07-16,665.0,31.5,21.11,91.72%,公寓,37,4F/5F,3房1廳2衛,N
2018-07-16,780.0,0.0,34.26,,透天厝,37,A/2F,3房2廳2衛,N
2018-07-15,740.0,22.59,32.73,87.54%,公寓,34,2F/5F,3房2廳2衛,N
2018-07-15,1542.0,44.0,35.04,66.49%,住宅大樓,9,3F/12F,3房2廳2衛,N
2018-07-15,1298.0,41.59,31.2,70.50%,華廈,19,5F/7F,3房2廳2衛,N
2018-07-15,1140.0,0.0,37.28,,透天厝,31,A/2F,4房3廳3衛,N
2018-07-15,1120.0,44.31,25.31,63.69%,住宅大樓,5,1F/12F,2房2廳1衛,N
2018-07-14,870.0,29.91,29.1,59.38%,華廈,1,5F/7F,2房2廳1衛,N
2018-07-14,888.0,47.0,18.89,65.90%,住宅大樓,15,3F/14F,1房1廳1衛,N
2018-07-14,1100.0,38.81,28.32,76.64%,住宅大樓,32,10F/12F,3房2廳1衛,N
2018-07-14,550.0,31.0,17.75,100.00%,公寓,42,3F/4F,2房2廳1衛,N
2018-07-14,700.0,0.0,29.47,,透天厝,36,A/3F,3房2廳2衛,N
2018-07-14,1220.0,38.0,32.11,93.54%,公寓,35,5F/5F,2房2廳2衛,N
2018-07-14,1278.0,30.2,42.27,91.12%,公寓,44,4F/4F,4房2廳2衛,N
2018-07-13,468.0,32.0,14.65,85.42%,住宅大樓,17,1F/22F,2房2廳1衛,N
2018-07-13,340.0,10.3,33.12,100.00%,公寓,40,1F/4F,3房2廳3衛,N
2018-07-13,1230.0,39.0,31.52,82.21%,公寓,32,5F/5F,5房3廳3衛,N
2018-07-12,1600.0,32.5,49.17,63.24%,住宅大樓,,17F/210F,3房2廳2衛,N
2018-07-12,660.0,24.0,27.52,90.32%,公寓,28,3F/5F,3房2廳2衛,N
2018-07-12,1085.3,22.0,49.35,60.60%,華廈,15,4F/5F,4房2廳2衛,N
2018-07-12,830.0,29.09,28.56,69.93%,住宅大樓,23,11F/12F,3房1廳2衛,N
2018-07-12,920.0,22.0,41.84,73.75%,華廈,33,4F/8F,3房2廳1衛,N
2018-07-12,1150.0,30.7,37.48,89.90%,公寓,37,5F/5F,4房1廳2衛,N
2018-07-12,1650.0,61.31,26.9,48.77%,住宅大樓,10,11F/15F,2房2廳1衛,N
2018-07-11,1650.0,31.3,52.67,54.88%,住宅大樓,18,1F/16F,3房2廳2衛,N
2018-07-11,350.0,15.5,22.54,83.97%,住宅大樓,22,3F/17F,1房2廳1衛,N
2018-07-10,1200.0,54.41,22.05,59.85%,住宅大樓,,4F/15F,2房2廳1衛,Y
2018-07-10,299.0,15.8,18.91,100.00%,公寓,,地下1F/4F,1房1廳1衛,N
2018-07-09,1212.0,39.09,30.97,88.04%,公寓,46,3F/4F,3房2廳2衛,N
2018-07-09,1680.0,50.09,33.51,91.98%,住宅大樓,24,6F/12F,3房2廳2衛,N
2018-07-09,1200.0,34.09,35.17,54.28%,華廈,,5F/7F,2房2廳1衛,N
2018-07-09,520.0,30.59,17.0,66.30%,華廈,10,2F/7F,1房1廳1衛,N
2018-07-09,1000.0,0.0,33.99,,透天厝,34,A/3F,5房3廳3衛,N
2018-07-09,1060.0,36.5,29.02,89.49%,公寓,39,5F/5F,3房2廳2衛,N
2018-07-08,1500.0,0.0,49.42,,透天厝,34,A/3F,6房2廳3衛,N
2018-07-07,928.0,42.19,22.02,93.53%,公寓,41,5F/5F,2房2廳1衛,N
2018-07-07,1400.0,32.59,42.89,69.82%,住宅大樓,27,9F/16F,3房2廳2衛,N
2018-07-07,1067.0,28.7,37.23,,其他,2,12F/14F,0房0廳1衛,N
2018-07-07,1429.0,27.8,51.36,,其他,2,13F/14F,,N
2018-07-07,806.0,29.09,27.65,,其他,2,12F/14F,,N
2018-07-07,850.0,36.5,23.28,,公寓,48,3F/4F,3房2廳1衛,N
2018-07-07,770.0,44.31,17.38,80.48%,公寓,25,4F/5F,2房2廳1衛,N
2018-07-06,530.0,16.5,32.03,91.15%,公寓,34,2F/5F,3房2廳2衛,N
2018-07-06,898.0,59.09,15.2,57.31%,套房,14,12F/19F,1房1廳1衛,N
2018-07-06,1422.0,36.91,38.52,100.00%,公寓,,2F/4F,4房2廳2衛,N
2018-07-05,720.0,42.09,17.1,56.95%,住宅大樓,23,11F/14F,2房1廳1衛,N
2018-07-05,910.0,24.91,36.53,72.41%,住宅大樓,22,12F/12F,3房2廳2衛,N
2018-07-05,1550.0,70.12,22.12,100.00%,公寓,39,1F/5F,3房2廳2衛,N
2018-07-05,1658.0,52.0,31.91,60.97%,住宅大樓,6,22F/29F,3房2廳1衛,N
2018-07-05,880.0,24.41,36.04,55.79%,住宅大樓,11,13F/14F,3房2廳2衛,N
2018-07-04,386.0,17.0,22.66,84.86%,住宅大樓,22,7F/17F,2房2廳1衛,N
2018-07-04,870.0,34.31,25.36,90.95%,公寓,35,3F/5F,2房1廳1衛,N
2018-07-04,1135.0,36.5,31.07,57.79%,住宅大樓,,11F/14F,2房1廳2衛,N
2018-07-04,1200.0,32.59,36.8,95.78%,公寓,44,4F/4F,4房2廳2衛,N
2018-07-04,730.0,0.0,30.76,,透天厝,35,A/2F,2房1廳1衛,N
2018-07-04,730.0,0.0,30.76,,透天厝,35,A/2F,2房1廳1衛,N
2018-07-03,825.0,30.7,26.9,100.00%,公寓,41,2F/4F,2房2廳1衛,N
2018-07-03,750.0,46.5,16.12,95.89%,公寓,,1F/4F,3房2廳2衛,N
2018-07-02,1950.0,55.19,35.35,62.69%,住宅大樓,,7F/15F,3房2廳1衛,Y
2018-07-02,1290.0,58.5,22.05,59.85%,住宅大樓,,13F/15F,2房2廳1衛,Y
2018-07-02,2670.0,46.69,57.18,60.67%,住宅大樓,5,10F/27F,4房2廳2衛,N
2018-07-02,1188.0,41.19,28.8,85.72%,公寓,40,4F/5F,3房2廳1衛,N
2018-07-02,870.0,34.59,25.12,86.63%,公寓,39,2F/4F,3房2廳1衛,N
2018-07-02,680.0,31.09,21.84,100.00%,公寓,45,3F/4F,3房1廳1衛,N
2018-07-02,850.0,30.91,27.48,92.27%,公寓,41,3F/5F,3房2廳2衛,N
2018-07-01,120.0,7.9,15.21,54.06%,套房,33,地下2F/9F,,N
2018-07-01,3145.0,66.12,47.55,58.45%,住宅大樓,,22F/310F,3房2廳2衛,Y
2018-07-01,815.0,20.7,39.34,72.03%,華廈,11,5F/6F,3房2廳2衛,N
2018-07-01,1238.0,40.81,30.32,86.41%,公寓,,3F/4F,3房2廳2衛,N
2018-07-01,845.0,22.5,37.54,65.08%,華廈,10,4F/8F,3房2廳2衛,N
2018-07-01,950.0,44.5,21.36,85.59%,公寓,42,3F/4F,2房2廳2衛,N
2018-07-01,1600.0,53.5,29.9,100.00%,公寓,44,1F/4F,5房2廳3衛,N
2018-06-30,1215.0,23.5,51.77,80.57%,住宅大樓,26,9F/12F,4房2廳2衛,N
2018-06-30,850.0,55.41,15.33,63.15%,住宅大樓,9,16F/19F,1房1廳1衛,N
2018-06-30,1370.0,54.09,25.35,56.20%,住宅大樓,,11F/15F,2房2廳1衛,Y
2018-06-30,1900.0,62.0,30.65,61.61%,住宅大樓,,210F/210F,2房2廳1衛,N
2018-06-29,620.0,24.0,25.84,100.00%,公寓,38,5F/5F,3房2廳1衛,N
2018-06-29,560.0,20.09,27.81,66.56%,套房,10,5F/8F,1房1廳1衛,N
2018-06-29,820.0,24.8,33.01,79.00%,公寓,31,5F/5F,3房2廳2衛,N
2018-06-29,800.0,45.41,17.61,62.55%,華廈,12,3F/7F,2房2廳1衛,N
2018-06-29,1740.0,49.19,35.38,58.55%,住宅大樓,1,9F/26F,3房2廳2衛,N
2018-06-29,690.0,26.41,26.13,59.38%,華廈,,4F/6F,1房2廳1衛,Y
2018-06-28,988.0,41.41,23.89,100.00%,公寓,,4F/4F,3房2廳1衛,N
2018-06-28,1050.0,32.41,32.43,66.45%,住宅大樓,16,6F/14F,3房2廳2衛,N
2018-06-28,880.0,32.19,27.29,86.34%,公寓,40,2F/5F,3房1廳1衛,N
2018-06-28,864.0,36.31,23.82,100.00%,公寓,,4F/4F,3房2廳1衛,N
2018-06-27,1130.0,30.8,36.7,66.70%,住宅大樓,23,5F/23F,3房2廳2衛,N
2018-06-27,630.0,28.8,21.88,100.00%,公寓,,3F/4F,3房2廳1衛,N
2018-06-27,650.0,27.8,23.38,100.00%,公寓,38,4F/5F,3房2廳1衛,N
2018-06-27,436.0,31.5,13.82,85.10%,住宅大樓,17,15F/16F,2房1廳1衛,N
2018-06-27,650.0,22.0,29.59,86.69%,公寓,39,4F/5F,3房2廳1衛,N
2018-06-26,5950.0,0.0,86.59,,透天厝,10,A/3F,3房2廳3衛,N
2018-06-26,930.0,0.0,37.54,,透天厝,34,A/3F,4房2廳3衛,N
2018-06-26,1060.0,36.0,29.47,82.72%,華廈,22,2F/8F,3房2廳2衛,N
2018-06-26,1190.0,36.69,32.42,86.14%,公寓,42,3F/4F,3房2廳2衛,N
2018-06-26,788.0,27.91,28.28,91.53%,公寓,37,5F/5F,3房2廳2衛,N
2018-06-26,170.0,16.41,10.37,78.00%,住宅大樓,25,10F/14F,,N
2018-06-25,485.0,0.0,25.43,,透天厝,37,A/2F,,N
2018-06-25,1936.0,65.81,29.41,60.30%,住宅大樓,,17F/210F,2房2廳1衛,N
2018-06-25,860.0,30.0,28.66,65.68%,住宅大樓,23,7F/16F,3房2廳2衛,N
2018-06-25,1256.0,45.91,27.37,55.46%,住宅大樓,9,5F/12F,2房2廳1衛,N
2018-06-25,1500.0,68.12,22.03,,店面（店舖),40,1F/4F,2房1廳1衛,N
2018-06-24,398.0,42.19,9.43,65.32%,套房,23,13F/14F,1房0廳1衛,N
2018-06-24,730.0,30.8,23.73,69.46%,華廈,22,4F/5F,2房2廳1衛,N
2018-06-24,865.0,38.31,22.58,83.42%,公寓,43,3F/4F,2房2廳1衛,N
2018-06-24,1115.0,45.0,24.79,84.16%,公寓,46,4F/4F,2房2廳1衛,N
2018-06-23,1290.0,35.41,36.39,84.86%,公寓,42,2F/4F,4房2廳2衛,N
2018-06-23,1140.0,35.59,32.0,58.15%,住宅大樓,,5F/14F,2房1廳1衛,N
2018-06-23,450.0,19.2,23.44,87.15%,公寓,34,4F/5F,3房2廳1衛,N
2018-06-23,350.0,16.09,21.78,88.61%,公寓,36,5F/5F,3房2廳1衛,N
2018-06-22,5650.0,0.0,95.98,,透天厝,7,A/3F,4房4廳4衛,N
2018-06-22,1250.0,42.81,29.2,76.50%,住宅大樓,32,4F/12F,3房2廳1衛,N
2018-06-22,730.0,27.7,26.37,100.00%,公寓,37,地下F/4F,2房2廳2衛,N
2018-06-22,470.0,15.4,30.45,88.45%,公寓,35,2F/4F,3房2廳1衛,N
2018-06-22,1110.0,42.91,25.85,100.00%,公寓,45,4F/5F,1房1廳1衛,N
2018-06-21,1238.0,42.69,28.97,100.00%,公寓,,2F/4F,3房2廳1衛,N
2018-06-21,1620.0,54.91,29.5,67.87%,住宅大樓,5,5F/210F,2房2廳1衛,N
2018-06-21,1088.0,29.3,37.1,67.28%,住宅大樓,23,10F/13F,3房2廳2衛,N
2018-06-21,1880.0,52.69,35.64,81.19%,公寓,29,1F/5F,3房2廳2衛,N
2018-06-21,690.0,33.41,20.66,100.00%,公寓,41,3F/4F,3房1廳1衛,N
2018-06-21,4800.0,0.0,74.77,,透天厝,30,A/2F,5房3廳4衛,N
2018-06-21,1322.0,38.0,34.78,,廠辦,31,1F/5F,1房1廳1衛,N
2018-06-20,828.0,51.0,16.23,57.47%,套房,14,13F/19F,1房1廳1衛,N
2018-06-20,1035.0,35.31,29.3,51.86%,華廈,,2F/7F,2房2廳1衛,N
2018-06-20,375.0,15.8,23.69,83.31%,住宅大樓,22,10F/17F,1房2廳1衛,N
2018-06-19,648.0,0.0,27.5,,透天厝,37,A/2F,3房3廳3衛,N
2018-06-19,1520.0,55.69,27.28,58.47%,住宅大樓,6,1F/24F,2房2廳1衛,N
2018-06-19,200.0,29.8,6.72,100.00%,公寓,,1F/4F,3房1廳1衛,N
2018-06-19,66.7,28.7,2.32,90.10%,公寓,39,2F/5F,3房2廳1衛,N
2018-06-19,1950.0,54.59,35.71,59.42%,住宅大樓,5,10F/14F,3房2廳2衛,N
2018-06-19,910.0,34.19,26.58,100.00%,公寓,39,1F/4F,1房1廳1衛,N
2018-06-18,590.0,19.09,30.82,84.78%,公寓,34,4F/4F,3房2廳1衛,N
2018-06-17,870.0,40.41,21.54,100.00%,公寓,45,2F/4F,2房2廳1衛,N
2018-06-16,1030.0,32.0,32.23,85.56%,公寓,37,2F/5F,3房2廳1衛,N
2018-06-16,1168.0,43.69,26.72,78.33%,公寓,35,5F/5F,6房2廳2衛,N
2018-06-16,430.0,20.5,20.96,75.48%,住宅大樓,22,3F/19F,2房2廳1衛,N
2018-06-16,1100.0,30.0,36.71,60.21%,華廈,1,6F/7F,3房2廳2衛,N
2018-06-16,500.0,41.5,12.05,77.72%,公寓,41,3F/4F,3房2廳2衛,N
2018-06-15,2168.0,48.91,44.32,58.34%,華廈,5,9F/9F,3房2廳2衛,N
2018-06-15,643.0,26.8,23.96,85.66%,公寓,38,4F/5F,3房2廳1衛,N
2018-06-15,710.0,32.0,22.22,75.29%,住宅大樓,23,6F/13F,2房1廳1衛,N
2018-06-15,800.0,23.91,33.52,84.33%,公寓,36,5F/5F,3房1廳1衛,N
2018-06-15,790.0,29.5,26.82,65.15%,住宅大樓,26,7F/11F,3房1廳1衛,N
2018-06-14,1030.0,35.5,29.05,58.11%,住宅大樓,,9F/14F,2房1廳1衛,N
2018-06-14,1850.0,56.31,32.85,68.72%,住宅大樓,19,2F/24F,3房2廳2衛,N
2018-06-14,450.0,16.59,27.05,90.54%,公寓,34,2F/5F,3房2廳1衛,N
2018-06-14,165.0,8.6,19.22,53.60%,華廈,33,3F/9F,1房1廳1衛,N
2018-06-14,18041.6,28.5,633.04,,廠辦,29,10F/10F,,N
2018-06-13,700.0,23.7,29.5,60.38%,住宅大樓,26,2F/11F,3房2廳1衛,N
2018-06-13,755.0,28.7,26.31,75.54%,住宅大樓,24,3F/12F,3房2廳1衛,N
2018-06-13,460.0,44.09,10.43,100.00%,套房,40,1F/4F,1房1廳1衛,N
2018-06-13,670.0,32.41,20.68,89.34%,公寓,43,3F/4F,3房2廳1衛,N
2018-06-13,540.0,15.2,35.42,67.87%,住宅大樓,22,6F/16F,3房2廳2衛,N
2018-06-12,1200.0,47.09,25.47,100.00%,公寓,40,2F/5F,3房2廳1衛,N
2018-06-12,778.0,29.59,26.31,75.54%,住宅大樓,24,3F/12F,3房2廳2衛,N
2018-06-12,500.0,18.2,27.49,100.00%,公寓,39,4F/4F,3房1廳1衛,N
2018-06-12,808.0,30.7,26.31,75.54%,住宅大樓,24,3F/12F,3房2廳2衛,N
2018-06-12,185.0,9.7,19.16,63.42%,華廈,36,5F/7F,1房1廳1衛,N
2018-06-11,1150.0,37.0,31.07,57.79%,住宅大樓,,12F/14F,2房1廳2衛,N
2018-06-11,574.3,16.2,35.35,81.73%,公寓,31,2F/5F,3房2廳2衛,N
2018-06-11,450.0,17.8,25.25,79.48%,公寓,37,4F/5F,3房2廳1衛,N
2018-06-10,1700.0,52.59,32.33,90.91%,住宅大樓,24,12F/12F,3房2廳2衛,N
2018-06-10,1205.0,28.41,42.44,87.22%,公寓,44,4F/4F,4房2廳2衛,N
2018-06-10,1000.0,0.0,34.18,,透天厝,35,A/3F,4房2廳2衛,N
2018-06-10,1015.0,31.41,32.29,62.56%,華廈,13,2F/6F,3房2廳2衛,N
2018-06-10,820.0,25.2,32.5,85.15%,公寓,36,5F/5F,3房2廳2衛,N
2018-06-09,1148.0,65.81,17.45,53.34%,住宅大樓,,13F/14F,2房1廳1衛,N
2018-06-09,1275.0,31.91,39.94,64.31%,華廈,12,1F/9F,4房2廳2衛,N
2018-06-09,1170.0,0.0,40.15,,透天厝,22,A/3F,3房2廳3衛,N
2018-06-09,1830.0,49.19,37.23,64.59%,住宅大樓,19,34F/36F,3房2廳2衛,N
2018-06-09,623.0,26.41,23.64,61.68%,華廈,,2F/6F,2房2廳1衛,Y
2018-06-08,1102.0,35.5,31.07,57.79%,住宅大樓,,9F/14F,2房1廳2衛,N
2018-06-08,1610.0,46.41,34.71,53.89%,住宅大樓,2,7F/11F,2房2廳1衛,N
2018-06-08,950.0,37.41,25.4,100.00%,公寓,46,3F/4F,3房2廳1衛,N
2018-06-08,1670.0,58.69,28.44,89.95%,公寓,33,1F/5F,2房1廳2衛,N
2018-06-08,1156.0,43.91,26.32,71.61%,住宅大樓,19,10F/13F,3房2廳2衛,N
2018-06-08,430.0,17.0,25.3,83.43%,公寓,35,4F/5F,2房1廳1衛,N
2018-06-08,750.0,28.7,26.13,71.28%,華廈,25,5F/7F,3房2廳2衛,N
2018-06-07,930.0,34.31,27.09,64.99%,住宅大樓,5,3F/12F,2房2廳1衛,N
2018-06-07,440.0,23.3,18.92,85.89%,公寓,35,2F/5F,2房2廳1衛,N
2018-06-07,875.0,35.0,24.99,87.21%,公寓,36,2F/5F,3房2廳1衛,N
2018-06-06,1700.0,39.0,43.59,77.18%,公寓,30,5F/5F,6房0廳6衛,N
2018-06-06,1080.0,36.19,29.87,100.00%,公寓,44,2F/4F,3房2廳1衛,N
2018-06-06,1380.0,48.31,28.55,59.49%,住宅大樓,3,4F/14F,2房2廳1衛,N
2018-06-06,1135.0,48.19,23.53,90.00%,公寓,38,2F/5F,3房2廳1衛,N
2018-06-06,1135.0,46.09,24.63,89.90%,公寓,38,2F/5F,3房2廳1衛,N
2018-06-06,635.0,25.3,25.11,88.55%,公寓,37,5F/5F,3房2廳2衛,N
2018-06-05,480.0,13.4,35.77,84.23%,住宅大樓,22,9F/18F,3房2廳2衛,N
2018-06-04,533.0,19.8,26.91,83.62%,公寓,37,3F/5F,2房1廳1衛,N
2018-06-04,4977.0,0.0,73.74,,透天厝,11,A/3F,4房3廳3衛,N
2018-06-04,3200.0,0.0,100.11,,透天厝,2,A/3F,4房2廳3衛,N
2018-06-03,350.0,14.8,23.66,83.40%,住宅大樓,22,6F/17F,2房2廳1衛,N
2018-06-03,280.0,37.31,7.51,73.46%,套房,23,12F/13F,1房1廳1衛,N
2018-06-03,1300.0,0.0,46.02,,透天厝,29,A/3F,4房2廳2衛,N
2018-06-03,660.0,28.8,22.88,68.31%,住宅大樓,15,7F/11F,2房2廳1衛,N
2018-06-03,880.0,33.59,26.21,87.83%,公寓,34,4F/5F,3房2廳2衛,N
2018-06-03,780.0,20.8,37.41,67.13%,華廈,12,2F/9F,4房2廳2衛,N
2018-06-03,360.0,28.7,12.56,78.61%,套房,25,5F/14F,1房1廳1衛,N
2018-06-02,910.0,33.0,27.59,87.67%,公寓,37,4F/5F,3房2廳2衛,N
2018-06-01,1060.0,36.5,29.05,58.11%,住宅大樓,,12F/14F,2房1廳1衛,N
2018-06-01,210.0,29.41,7.15,65.54%,套房,22,9F/13F,1房1廳1衛,N
2018-06-01,520.0,59.91,8.68,100.00%,公寓,,4F/4F,3房2廳1衛,N
2018-06-01,480.0,18.41,26.08,76.67%,公寓,42,地下2F/4F,2房2廳1衛,N
2018-06-01,1160.0,25.41,45.68,100.00%,公寓,43,4F/4F,3房2廳2衛,N
2018-06-01,1268.0,57.5,22.05,59.85%,住宅大樓,,10F/15F,2房2廳1衛,Y
2018-05-31,1500.0,54.59,27.47,78.04%,住宅大樓,32,1F/12F,2房1廳1衛,N
2018-05-31,1258.0,41.0,30.67,85.38%,公寓,41,3F/5F,2房2廳2衛,N
2018-05-31,600.0,22.3,26.95,100.00%,公寓,43,4F/4F,3房2廳1衛,N
2018-05-30,1250.0,45.41,27.52,64.57%,住宅大樓,14,14F/14F,2房1廳1衛,N
2018-05-30,900.0,47.19,19.09,96.83%,公寓,50,3F/3F,2房2廳1衛,N
2018-05-30,1038.0,35.69,29.05,58.11%,住宅大樓,,10F/14F,2房1廳1衛,N
2018-05-29,525.0,17.8,29.49,81.70%,公寓,22,3F/4F,3房2廳2衛,N
2018-05-29,750.0,31.3,23.95,69.58%,住宅大樓,24,3F/12F,3房2廳1衛,N
2018-05-29,1090.0,38.31,28.49,83.00%,公寓,,3F/4F,3房2廳2衛,N
2018-05-29,1300.0,38.31,33.9,84.06%,公寓,35,3F/5F,3房2廳2衛,N
2018-05-29,1240.0,48.59,25.49,68.61%,住宅大樓,18,2F/12F,0房2廳1衛,N
2018-05-28,880.0,29.41,29.91,71.46%,住宅大樓,24,12F/12F,3房2廳2衛,N
2018-05-28,470.0,17.2,27.38,68.04%,華廈,23,5F/8F,3房2廳1衛,N
2018-05-28,890.0,29.5,30.12,70.94%,住宅大樓,23,4F/12F,3房2廳2衛,N
2018-05-28,2260.0,58.81,38.41,71.81%,住宅大樓,10,4F/29F,3房2廳2衛,N
2018-05-28,2040.0,49.41,41.31,61.08%,住宅大樓,6,10F/210F,2房2廳2衛,N
2018-05-28,1810.0,42.41,42.71,62.19%,住宅大樓,19,31F/32F,4房2廳2衛,N
2018-05-27,610.0,21.41,28.46,87.57%,公寓,36,3F/5F,3房2廳2衛,N
2018-05-27,1660.0,55.5,29.9,62.75%,住宅大樓,5,4F/27F,2房2廳2衛,N
2018-05-26,905.0,38.41,23.54,100.00%,公寓,,2F/4F,3房1廳1衛,N
2018-05-25,5888.0,57.09,103.12,55.98%,住宅大樓,,210F/31F,,Y
2018-05-25,403.0,18.59,21.62,72.59%,住宅大樓,22,4F/17F,1房2廳1衛,N
2018-05-25,1770.0,63.19,28.0,56.23%,住宅大樓,,5F/14F,2房2廳1衛,N
2018-05-25,1800.0,64.31,28.0,56.23%,住宅大樓,,8F/14F,2房2廳1衛,N
2018-05-25,555.0,20.59,26.95,86.98%,公寓,36,1F/5F,3房2廳1衛,N
2018-05-25,990.0,40.69,24.3,85.24%,公寓,45,4F/4F,4房2廳2衛,N
2018-05-25,2468.0,61.81,39.95,56.41%,住宅大樓,,4F/14F,3房2廳2衛,N
2018-05-25,1320.0,46.0,28.7,92.68%,住宅大樓,27,4F/12F,3房2廳1衛,N
2018-05-25,250.0,34.91,7.15,65.54%,套房,22,12F/13F,1房0廳1衛,N
2018-05-25,2100.0,53.5,39.28,60.17%,住宅大樓,5,6F/23F,3房2廳2衛,N
2018-05-25,735.0,25.91,28.4,81.96%,住宅大樓,23,7F/12F,3房2廳2衛,N
2018-05-24,2000.0,0.0,64.58,,透天厝,35,A/2F,5房2廳2衛,N
2018-05-24,2650.2,6.9,385.93,,廠辦,35,4F/5F,,N
2018-05-23,1350.0,53.31,25.35,56.20%,住宅大樓,,9F/15F,2房2廳1衛,Y
2018-05-23,1292.0,51.0,25.35,56.20%,住宅大樓,,10F/15F,1房2廳1衛,Y
2018-05-23,680.0,26.2,25.92,85.70%,公寓,40,2F/4F,3房2廳1衛,N
2018-05-23,750.0,24.59,30.48,,其他,2,6F/14F,1房1廳0衛,N
2018-05-23,1580.0,55.09,28.67,88.62%,公寓,33,1F/5F,2房2廳2衛,N
2018-05-23,750.0,27.8,26.95,78.15%,華廈,18,5F/9F,3房2廳2衛,N
2018-05-22,640.0,20.09,31.91,80.83%,華廈,25,4F/10F,4房1廳2衛,N
2018-05-22,360.0,41.69,8.64,66.00%,套房,22,8F/14F,1房1廳1衛,N
2018-05-22,1952.0,0.0,42.31,,透天厝,22,A/2F,3房2廳2衛,N
2018-05-22,550.0,22.3,24.71,74.31%,住宅大樓,22,12F/12F,3房2廳2衛,N
2018-05-22,488.0,15.0,32.63,84.95%,住宅大樓,23,13F/16F,3房2廳2衛,N
2018-05-21,2565.0,58.81,43.61,63.31%,住宅大樓,,9F/210F,3房2廳2衛,N
2018-05-21,1380.0,54.41,25.35,56.20%,住宅大樓,,8F/15F,2房2廳1衛,Y
2018-05-21,1260.0,57.19,22.05,59.85%,住宅大樓,,8F/15F,2房2廳1衛,Y
2018-05-21,1010.0,29.41,34.33,75.86%,住宅大樓,11,8F/11F,3房2廳2衛,N
2018-05-21,1158.0,38.69,29.95,86.42%,公寓,43,3F/4F,3房2廳1衛,N
2018-05-21,1131.0,42.0,26.95,94.07%,公寓,41,5F/5F,4房0廳3衛,N
2018-05-21,1580.0,40.09,39.38,100.00%,公寓,,一層/--,3房2廳2衛,N
2018-05-21,3600.0,0.0,70.26,,透天厝,19,A/2F,5房3廳3衛,N
2018-05-20,766.0,59.59,12.86,62.53%,套房,9,5F/9F,0房1廳1衛,N
2018-05-20,715.0,22.7,31.55,100.00%,公寓,38,3F/5F,3房2廳2衛,N
2018-05-19,720.0,24.91,28.89,78.97%,公寓,44,4F/4F,2房2廳2衛,N
2018-05-19,520.0,18.2,28.62,83.54%,公寓,37,4F/5F,3房2廳2衛,N
2018-05-19,1100.0,40.5,27.14,92.81%,公寓,33,4F/5F,3房2廳2衛,N
2018-05-19,688.0,61.81,11.13,65.98%,套房,12,8F/18F,1房1廳1衛,N
2018-05-19,100.0,1.2,81.18,,廠辦,32,2F/5F,,N
2018-05-19,680.0,21.3,31.98,89.92%,公寓,31,4F/5F,3房2廳2衛,N
2018-05-19,1255.0,44.31,28.33,76.62%,住宅大樓,32,7F/12F,3房2廳1衛,N
2018-05-19,345.0,16.2,21.32,81.97%,住宅大樓,24,10F/16F,2房2廳1衛,N
2018-05-19,620.0,17.5,35.42,75.46%,公寓,37,3F/5F,3房2廳2衛,N
2018-05-19,560.0,45.69,12.26,55.42%,住宅大樓,6,17F/210F,0房0廳1衛,N
2018-05-18,4125.0,0.0,72.0,,透天厝,11,A/3F,6房3廳3衛,N
2018-05-18,900.0,37.09,24.26,100.00%,公寓,40,5F/5F,3房1廳1衛,N
2018-05-18,410.0,27.91,14.7,82.93%,套房,22,3F/6F,1房1廳1衛,N
2018-05-17,1336.0,52.69,25.35,56.20%,住宅大樓,,6F/15F,2房2廳1衛,Y
2018-05-17,1220.0,55.31,22.05,59.85%,住宅大樓,,7F/15F,2房2廳1衛,Y
2018-05-17,2878.0,55.59,51.78,58.56%,住宅大樓,6,21F/24F,3房2廳2衛,N
2018-05-17,4650.0,0.0,71.05,,透天厝,10,A/3F,4房3廳3衛,N
2018-05-17,1705.0,50.91,33.51,91.52%,住宅大樓,24,3F/12F,3房2廳2衛,N
2018-05-16,1300.0,0.0,47.63,,透天厝,22,A/3F,4房3廳3衛,N
2018-05-16,370.0,19.0,19.47,93.93%,公寓,24,2F/5F,2房1廳1衛,N
2018-05-16,2825.0,63.59,44.4,65.31%,住宅大樓,9,24F/27F,3房2廳2衛,N
2018-05-15,183.2,5.4,33.75,89.35%,公寓,32,3F/5F,3房2廳2衛,N
2018-05-15,1770.0,42.69,41.46,62.14%,住宅大樓,9,2F/15F,3房2廳2衛,N
2018-05-15,700.0,23.09,30.36,71.45%,華廈,14,3F/10F,3房2廳2衛,N
2018-05-15,1050.0,0.0,27.21,,透天厝,37,A/2F,3房3廳4衛,N
2018-05-15,1300.0,31.09,41.75,91.69%,公寓,39,3F/5F,3房2廳2衛,N
2018-05-15,1200.0,34.59,34.71,95.64%,公寓,39,5F/5F,3房2廳2衛,N
2018-05-14,900.0,35.09,25.66,87.12%,公寓,36,3F/5F,2房2廳1衛,N
2018-05-14,1060.0,38.0,27.87,91.86%,公寓,47,2F/4F,3房2廳2衛,N
2018-05-14,1150.0,22.0,52.23,87.32%,公寓,29,3F/5F,4房2廳2衛,N
2018-05-14,1680.0,65.88,25.48,100.00%,公寓,38,1F/5F,3房2廳2衛,N
2018-05-14,800.0,49.81,16.07,100.00%,公寓,44,1F/4F,3房2廳1衛,N
2018-05-14,1500.0,37.0,40.51,92.00%,公寓,40,4F/5F,4房2廳2衛,N
2018-05-13,1325.0,51.91,25.52,100.00%,公寓,38,1F/5F,1房1廳1衛,N
2018-05-13,1730.0,43.0,40.27,66.58%,住宅大樓,18,5F/29F,2房2廳2衛,N
2018-05-13,970.0,27.3,35.49,78.45%,住宅大樓,25,13F/13F,3房2廳2衛,N
2018-05-13,845.0,36.0,23.47,100.00%,公寓,,3F/4F,3房2廳1衛,N
2018-05-12,630.0,36.0,17.5,63.64%,住宅大樓,20,13F/15F,3房1廳1衛,N
2018-05-12,970.0,41.0,23.67,75.37%,住宅大樓,23,1F/13F,,N
2018-05-12,680.0,25.5,26.62,89.73%,公寓,33,4F/5F,3房2廳1衛,N
2018-05-12,660.0,20.41,32.34,87.50%,公寓,34,3F/5F,3房1廳2衛,N
2018-05-12,2268.0,66.19,34.25,87.92%,公寓,39,2F/5F,2房2廳1衛,N
2018-05-11,2470.0,62.0,39.85,56.93%,住宅大樓,,7F/14F,3房2廳2衛,N
2018-05-11,1806.0,64.5,28.0,56.23%,住宅大樓,,9F/14F,2房2廳1衛,N
2018-05-11,1830.0,65.38,28.0,56.23%,住宅大樓,,11F/14F,2房2廳1衛,N
2018-05-11,1775.0,63.41,28.0,56.23%,住宅大樓,,7F/14F,2房2廳1衛,N
2018-05-11,825.0,25.3,32.62,71.55%,住宅大樓,18,4F/12F,2房2廳2衛,N
2018-05-10,677.0,25.7,26.32,100.00%,公寓,43,3F/4F,3房2廳1衛,N
2018-05-10,140.0,9.4,14.92,53.15%,公寓,22,5F/5F,3房1廳1衛,N
2018-05-09,1050.0,35.0,29.99,65.76%,住宅大樓,20,12F/15F,3房2廳2衛,N
2018-05-09,1258.0,43.5,28.93,61.06%,住宅大樓,22,14F/14F,3房2廳2衛,N
2018-05-09,1064.0,0.0,34.52,,透天厝,34,A/3F,4房2廳3衛,N
2018-05-09,680.0,26.41,25.74,70.26%,華廈,24,3F/7F,2房1廳1衛,N
2018-05-09,360.0,17.2,20.89,71.54%,住宅大樓,19,15F/19F,2房2廳1衛,N
2018-05-08,2438.0,61.0,39.95,56.41%,住宅大樓,,9F/14F,3房2廳2衛,N
2018-05-08,7428.0,0.0,116.34,,透天厝,7,A/3F,7房3廳3衛,N
2018-05-08,325.0,18.2,17.85,69.36%,住宅大樓,22,5F/17F,2房2廳1衛,N
2018-05-08,650.0,25.91,25.12,85.65%,公寓,37,1F/5F,3房2廳1衛,N
2018-05-08,730.0,33.5,21.82,94.88%,公寓,39,2F/4F,3房2廳1衛,N
2018-05-07,780.0,26.91,29.03,60.01%,住宅大樓,26,7F/11F,2房2廳1衛,N
2018-05-07,650.0,24.0,27.04,69.00%,住宅大樓,19,5F/12F,3房2廳1衛,N
2018-05-07,428.0,18.7,22.85,82.67%,住宅大樓,24,13F/16F,2房2廳1衛,N
2018-05-07,2000.0,47.0,42.52,61.11%,住宅大樓,5,6F/28F,1房2廳2衛,N
2018-05-07,5888.0,0.0,109.41,,透天厝,19,A/4F,6房2廳4衛,N
2018-05-06,510.0,26.3,19.4,68.60%,住宅大樓,19,7F/12F,2房1廳0衛,N
2018-05-06,1370.0,37.31,36.76,62.59%,住宅大樓,8,13F/15F,3房2廳2衛,N
2018-05-06,1116.0,25.8,43.34,64.74%,華廈,,2F/6F,3房2廳2衛,N
2018-05-06,702.0,62.09,11.31,66.11%,套房,11,11F/18F,1房1廳1衛,N
2018-05-06,1337.0,37.31,35.89,83.08%,公寓,31,2F/5F,3房2廳2衛,N
2018-05-06,2080.0,45.69,45.53,62.81%,華廈,22,6F/7F,3房2廳2衛,N
2018-05-05,760.0,21.7,35.02,93.61%,公寓,34,5F/5F,3房2廳1衛,N
2018-05-04,1230.0,38.41,32.02,56.93%,住宅大樓,14,11F/12F,3房2廳2衛,N
2018-05-04,2520.0,67.81,37.17,100.00%,公寓,38,1F/5F,4房2廳1衛,N
2018-05-03,835.0,33.09,25.2,77.66%,公寓,39,4F/4F,4房0廳4衛,N
2018-05-03,1130.0,56.09,20.13,65.08%,套房,11,11F/18F,1房1廳1衛,N
2018-05-03,1400.0,0.0,50.93,,透天厝,29,A/3F,3房2廳3衛,N
2018-05-03,250.0,0.0,168.59,,透天厝,,A/3F,,N
2018-05-02,1498.0,57.69,25.96,61.97%,住宅大樓,5,5F/27F,2房1廳1衛,N
2018-05-02,575.0,21.8,26.39,70.37%,華廈,10,4F/8F,2房1廳1衛,N
2018-05-02,678.0,21.7,31.22,92.49%,公寓,33,2F/5F,3房2廳2衛,N
2018-05-01,816.8,55.81,14.63,93.08%,公寓,38,1F/4F,2房1廳1衛,N
2018-05-01,1620.0,62.69,25.85,62.01%,住宅大樓,5,6F/26F,2房2廳1衛,N
2018-05-01,750.0,28.7,26.17,89.86%,公寓,36,1F/5F,3房3廳1衛,N
2018-05-01,3600.0,0.0,92.57,,透天厝,2,A/3F,4房2廳3衛,N
2018-05-01,380.0,17.0,22.34,85.92%,住宅大樓,22,13F/17F,2房2廳1衛,N
2018-05-01,1020.0,0.0,48.86,,透天厝,28,A/2F,3房2廳2衛,N
2018-05-01,539.0,21.91,24.64,96.72%,公寓,37,3F/5F,3房1廳1衛,N
2018-05-01,1100.0,31.3,35.09,100.00%,公寓,,3F/5F,3房2廳1衛,N
2018-05-01,1316.0,0.0,69.78,,透天厝,21,A/3F,5房3廳3衛,N
2018-05-01,880.0,27.0,32.6,82.89%,公寓,35,3F/5F,3房2廳1衛,N
2018-05-01,1350.0,52.19,25.85,88.17%,公寓,41,3F/4F,3房2廳2衛,N
2018-05-01,950.0,39.59,24.02,100.00%,公寓,39,4F/5F,3房2廳1衛,N
2018-04-30,1280.0,46.0,27.81,100.00%,公寓,,3F/4F,3房2廳2衛,N
2018-04-30,758.0,31.41,24.12,100.00%,公寓,,4F/4F,2房1廳1衛,N
2018-04-30,450.0,19.2,23.44,87.15%,公寓,34,4F/5F,3房2廳1衛,N
2018-04-30,400.0,28.91,13.82,,公寓,40,4F/4F,3房2廳1衛,N
2018-04-30,1400.0,49.0,28.6,73.84%,住宅大樓,32,9F/12F,3房2廳1衛,N
2018-04-30,625.0,23.0,27.15,66.51%,華廈,10,3F/8F,1房1廳2衛,N
2018-04-29,1530.0,54.81,27.91,63.23%,住宅大樓,9,16F/19F,2房2廳1衛,N
2018-04-29,1625.0,58.31,27.88,57.38%,住宅大樓,,10F/310F,2房2廳1衛,N
2018-04-29,1250.0,42.69,29.25,90.28%,公寓,33,3F/5F,3房2廳2衛,N
2018-04-29,2030.0,51.5,39.43,60.21%,住宅大樓,5,5F/23F,3房2廳2衛,N
2018-04-29,900.0,25.41,35.48,74.45%,住宅大樓,24,3F/12F,3房2廳2衛,N
2018-04-29,1278.0,53.59,23.82,55.61%,住宅大樓,5,210F/210F,2房1廳1衛,N
2018-04-28,1290.0,41.09,31.38,82.54%,公寓,43,3F/4F,3房2廳2衛,N
2018-04-28,480.0,26.8,17.88,58.58%,華廈,7,2F/10F,2房1廳1衛,N
2018-04-28,343.0,42.09,8.16,65.10%,華廈,21,3F/10F,1房0廳1衛,N
2018-04-28,670.0,21.2,31.64,89.81%,公寓,31,4F/5F,3房2廳2衛,N
2018-04-27,800.0,24.0,33.29,100.00%,公寓,39,3F/4F,3房2廳2衛,N
2018-04-27,870.0,31.7,27.41,100.00%,公寓,,2F/4F,3房2廳2衛,N
2018-04-27,530.0,32.69,16.19,100.00%,公寓,,3F/4F,3房1廳1衛,N
2018-04-27,420.0,16.59,25.36,89.03%,公寓,36,3F/5F,3房1廳1衛,N
2018-04-27,720.0,38.69,18.6,90.57%,公寓,42,4F/4F,3房2廳2衛,N
2018-04-27,1318.0,54.41,24.22,59.74%,住宅大樓,5,26F/26F,1房2廳1衛,N
2018-04-27,750.0,18.8,39.83,61.10%,住宅大樓,24,1F/16F,3房2廳2衛,N
2018-04-27,1136.0,44.31,25.66,100.00%,公寓,38,1F/5F,3房2廳2衛,N
2018-04-27,680.0,25.7,26.51,100.00%,公寓,,地下2F/4F,3房2廳1衛,N
2018-04-27,1185.0,56.31,21.05,62.69%,住宅大樓,,3F/15F,2房2廳1衛,Y
2018-04-26,430.0,17.91,24.05,86.92%,公寓,36,2F/5F,3房1廳1衛,N
2018-04-26,740.0,30.91,23.96,85.66%,公寓,38,1F/5F,3房2廳1衛,N
2018-04-25,750.0,27.2,27.61,88.51%,公寓,33,2F/5F,3房2廳2衛,N
2018-04-25,720.0,48.5,14.85,72.54%,套房,17,11F/14F,1房1廳1衛,N
2018-04-24,835.0,29.5,28.3,74.60%,華廈,26,2F/7F,2房2廳2衛,N
2018-04-24,1220.0,55.31,22.05,59.85%,住宅大樓,,6F/15F,2房2廳1衛,Y
2018-04-23,791.6,41.81,18.96,66.01%,住宅大樓,22,8F/14F,3房2廳1衛,N
2018-04-23,1280.0,37.91,33.77,87.46%,公寓,43,4F/4F,4房2廳2衛,N
2018-04-23,3000.0,0.0,94.7,,透天厝,20,A/3F,6房4廳9衛,N
2018-04-23,2500.0,62.59,39.95,56.41%,住宅大樓,,11F/14F,3房2廳2衛,N
2018-04-23,880.0,45.59,19.28,70.53%,住宅大樓,22,1F/13F,2房2廳2衛,N
2018-04-23,1047.0,25.5,41.09,63.79%,華廈,4,1F/8F,3房2廳1衛,N
2018-04-23,2458.0,61.69,39.85,56.93%,住宅大樓,,6F/14F,3房2廳2衛,N
2018-04-22,950.0,33.41,28.47,83.06%,公寓,43,3F/4F,3房2廳1衛,N
2018-04-22,1030.0,36.91,27.91,61.45%,住宅大樓,2,11F/13F,2房1廳1衛,N
2018-04-22,435.0,15.1,28.77,89.70%,公寓,32,3F/5F,3房2廳1衛,N
2018-04-22,890.0,0.0,34.53,,透天厝,34,A/3F,4房2廳3衛,N
2018-04-22,1070.0,40.19,26.61,84.13%,公寓,42,4F/4F,2房2廳1衛,N
2018-04-21,1500.0,45.19,33.21,84.21%,公寓,36,1F/5F,3房2廳2衛,N
2018-04-21,1320.0,54.59,24.18,55.40%,住宅大樓,2,8F/24F,2房1廳1衛,N
2018-04-21,1436.0,39.31,36.51,75.72%,華廈,35,6F/7F,3房2廳2衛,N
2018-04-21,1780.0,55.81,31.88,71.94%,華廈,20,2F/8F,3房2廳2衛,N
2018-04-20,980.0,25.5,38.38,66.31%,住宅大樓,23,3F/12F,2房2廳2衛,N
2018-04-20,1158.0,0.0,33.99,,透天厝,34,A/3F,4房2廳2衛,N
2018-04-20,750.0,67.31,11.14,65.94%,套房,11,6F/18F,1房1廳1衛,N
2018-04-20,870.0,0.0,31.47,,透天厝,,全/--,3房2廳2衛,N
2018-04-20,1000.0,38.59,25.89,100.00%,公寓,,3F/4F,3房2廳1衛,N
2018-04-20,1580.0,33.41,47.33,84.61%,公寓,37,2F/5F,4房2廳2衛,N
2018-04-19,1098.0,39.09,28.11,86.54%,公寓,40,2F/5F,3房2廳2衛,N
2018-04-19,1300.0,62.69,20.72,100.00%,公寓,,1F/4F,3房1廳2衛,N
2018-04-19,1180.0,30.3,38.99,58.55%,住宅大樓,7,11F/15F,3房2廳2衛,N
2018-04-19,650.0,24.3,26.8,77.69%,公寓,42,2F/4F,3房2廳1衛,N
2018-04-19,1230.0,54.0,22.79,53.91%,住宅大樓,6,12F/13F,2房1廳1衛,N
2018-04-19,720.0,27.91,25.82,88.86%,公寓,36,3F/5F,3房2廳1衛,N
2018-04-18,1100.0,34.41,31.95,85.23%,公寓,31,5F/5F,3房2廳2衛,N
2018-04-18,4030.0,35.0,115.13,,辦公商業大樓,25,2F/10F,,N
2018-04-17,2055.0,56.5,36.39,60.26%,住宅大樓,5,6F/23F,3房2廳2衛,N
2018-04-17,1350.0,46.0,29.33,64.05%,住宅大樓,19,9F/14F,2房2廳1衛,N
2018-04-17,590.0,48.19,12.24,84.58%,套房,40,2F/4F,1房1廳1衛,N
2018-04-17,1202.0,34.0,35.35,69.19%,住宅大樓,9,6F/12F,3房2廳2衛,N
2018-04-16,810.0,20.41,39.75,90.54%,公寓,33,3F/5F,4房2廳2衛,N
2018-04-16,1110.0,33.09,33.57,86.67%,公寓,45,4F/4F,3房2廳1衛,N
2018-04-16,450.0,32.59,13.82,85.10%,住宅大樓,17,4F/18F,2房2廳1衛,N
2018-04-16,450.0,16.5,27.32,100.00%,公寓,39,3F/4F,4房2廳1衛,N
2018-04-16,1190.0,36.91,32.23,63.40%,住宅大樓,1,9F/21F,2房1廳1衛,N
2018-04-16,900.0,0.0,38.59,,透天厝,36,A/2F,5房4廳6衛,N
2018-04-15,990.0,30.91,32.07,91.11%,公寓,32,1F/5F,3房2廳2衛,N
2018-04-15,985.0,64.0,15.38,79.09%,套房,21,9F/24F,1房1廳1衛,N
2018-04-15,1108.0,34.81,31.82,90.34%,公寓,43,2F/4F,3房2廳1衛,N
2018-04-15,950.0,39.31,24.2,73.03%,住宅大樓,17,5F/17F,3房1廳2衛,N
2018-04-15,520.0,28.41,18.33,58.16%,華廈,,2F/7F,1房2廳1衛,N
2018-04-14,1330.0,42.09,31.59,87.21%,公寓,40,3F/5F,3房2廳1衛,N
2018-04-14,505.0,18.59,27.09,68.80%,華廈,23,6F/9F,3房1廳1衛,N
2018-04-14,550.0,20.09,27.39,68.05%,華廈,23,5F/8F,3房2廳1衛,N
2018-04-13,750.0,22.41,33.41,62.72%,住宅大樓,23,2F/21F,3房1廳2衛,N
2018-04-13,1065.0,40.5,26.3,91.08%,公寓,36,4F/5F,3房2廳2衛,N
2018-04-13,700.0,0.0,24.85,,透天厝,,A/1F,4房2廳2衛,N
2018-04-13,1650.0,41.69,39.58,86.62%,住宅大樓,28,5F/14F,4房2廳2衛,N
2018-04-13,6800.0,0.0,43.75,,透天厝,,A/2F,4房2廳2衛,N
2018-04-12,1400.0,44.69,31.29,61.26%,住宅大樓,14,2F/14F,3房2廳2衛,N
2018-04-12,550.8,17.59,31.24,68.94%,華廈,36,2F/7F,3房2廳2衛,N
2018-04-12,1056.5,33.0,32.0,58.15%,住宅大樓,,6F/14F,2房2廳1衛,N
2018-04-11,1035.0,37.0,27.98,86.96%,公寓,37,5F/5F,3房2廳2衛,N
2018-04-10,1650.0,36.91,44.67,83.09%,華廈,28,2F/7F,3房2廳2衛,N
2018-04-10,1058.0,40.5,26.15,73.84%,公寓,37,5F/5F,3房2廳1衛,N
2018-04-10,990.0,33.81,29.32,90.29%,公寓,44,4F/4F,4房2廳2衛,N
2018-04-10,1330.0,63.5,20.95,100.00%,公寓,,1F/4F,2房2廳1衛,N
2018-04-10,1640.0,47.59,34.48,60.92%,住宅大樓,5,9F/14F,3房2廳2衛,N
2018-04-09,866.0,29.3,29.57,90.17%,公寓,34,4F/5F,3房2廳2衛,N
2018-04-09,345.0,19.3,17.85,69.36%,住宅大樓,22,5F/17F,2房2廳1衛,N
2018-04-09,1100.0,33.59,32.77,89.15%,公寓,43,4F/4F,3房2廳2衛,N
2018-04-09,480.0,18.3,26.28,87.51%,公寓,35,5F/5F,3房2廳1衛,N
2018-04-09,3168.0,0.0,92.79,,透天厝,22,A/3F,5房4廳2衛,N
2018-04-08,1880.0,50.59,37.18,72.23%,住宅大樓,15,1F/14F,3房2廳2衛,N
2018-04-08,990.0,30.41,32.52,77.06%,華廈,23,3F/7F,3房2廳2衛,N
2018-04-08,1120.0,22.09,50.59,67.81%,華廈,12,8F/8F,4房2廳2衛,N
2018-04-08,1100.0,26.8,40.98,64.79%,住宅大樓,19,7F/16F,4房2廳2衛,N
2018-04-08,5390.0,0.0,77.23,,透天厝,9,A/3F,5房3廳3衛,N
2018-04-07,700.0,39.91,17.55,66.57%,住宅大樓,22,12F/16F,2房1廳1衛,N
2018-04-07,540.0,15.1,35.77,84.23%,住宅大樓,22,3F/18F,3房2廳2衛,N
2018-04-06,658.0,23.5,28.03,68.08%,華廈,12,9F/9F,2房2廳1衛,N
2018-04-06,1088.0,26.91,40.44,66.61%,華廈,24,5F/7F,3房2廳2衛,N
2018-04-06,1300.0,0.0,69.28,,透天厝,21,A/3F,4房2廳3衛,N
2018-04-06,875.0,0.0,33.99,,透天厝,34,A/3F,3房2廳3衛,N
2018-04-06,1060.0,34.5,30.7,69.56%,住宅大樓,20,2F/12F,2房2廳2衛,N
2018-04-05,1050.0,32.19,32.6,71.54%,住宅大樓,18,9F/12F,3房1廳2衛,N
2018-04-05,1300.0,31.5,41.32,70.32%,住宅大樓,18,9F/12F,3房2廳2衛,N
2018-04-03,1400.0,57.69,24.25,100.00%,公寓,,1F/4F,3房2廳1衛,N
2018-04-03,435.0,15.8,27.51,83.11%,公寓,35,3F/5F,3房2廳1衛,N
2018-04-03,500.0,21.2,23.63,100.00%,公寓,39,2F/4F,2房2廳1衛,N
2018-04-02,1295.0,35.0,36.97,69.44%,住宅大樓,9,6F/12F,3房2廳2衛,N
2018-04-02,3600.0,0.0,102.56,,透天厝,1,A/3F,4房2廳3衛,N
2018-04-02,700.0,24.7,28.3,84.43%,公寓,34,4F/5F,3房2廳2衛,N
2018-04-01,1600.0,50.19,31.87,57.29%,住宅大樓,15,10F/14F,2房2廳2衛,N
2018-04-01,360.0,34.69,10.37,74.63%,套房,23,14F/16F,1房1廳1衛,N
2018-04-01,680.0,22.8,29.77,67.70%,華廈,23,1F/9F,3房2廳2衛,N
2018-04-01,1050.0,33.41,31.47,86.23%,公寓,38,5F/5F,2房2廳1衛,N
2018-04-01,580.0,24.3,23.82,86.90%,公寓,35,5F/5F,5房3廳2衛,N
2018-03-31,920.0,31.2,29.46,71.78%,住宅大樓,24,5F/12F,3房2廳2衛,N
2018-03-31,1280.0,52.81,24.25,59.92%,住宅大樓,3,11F/14F,2房1廳1衛,N
2018-03-31,650.0,20.0,32.44,89.42%,公寓,32,4F/5F,3房2廳2衛,N
2018-03-31,780.0,24.0,32.46,63.67%,住宅大樓,11,12F/12F,2房2廳1衛,N
2018-03-31,1200.0,39.19,30.63,64.76%,住宅大樓,19,29F/36F,3房2廳2衛,N
2018-03-31,820.0,56.0,14.65,57.39%,套房,7,3F/210F,1房1廳1衛,N
2018-03-30,800.0,39.59,20.18,100.00%,公寓,,2F/4F,4房2廳1衛,N
2018-03-30,260.0,13.5,19.28,100.00%,公寓,38,3F/5F,3房2廳1衛,N
2018-03-30,1150.0,42.41,27.14,92.81%,公寓,33,5F/5F,2房2廳1衛,N
2018-03-30,788.0,58.91,13.37,62.75%,套房,9,5F/9F,0房1廳1衛,N
2018-03-30,505.0,24.2,20.85,63.18%,套房,23,2F/21F,0房1廳1衛,N
2018-03-29,600.0,0.0,33.03,,透天厝,36,A/2F,4房1廳2衛,N
2018-03-29,1435.0,44.0,32.6,66.41%,住宅大樓,19,3F/32F,3房2廳2衛,N
2018-03-29,1550.0,53.41,29.05,55.23%,住宅大樓,5,2F/18F,3房2廳2衛,N
2018-03-29,1550.0,43.31,35.8,85.28%,公寓,46,3F/4F,4房1廳2衛,N
2018-03-29,870.0,60.5,14.37,65.97%,套房,11,13F/18F,1房1廳1衛,N
2018-03-29,638.0,52.59,12.12,71.06%,套房,20,210F/22F,1房1廳1衛,N
2018-03-28,640.0,19.0,33.68,88.58%,公寓,34,3F/5F,3房2廳2衛,N
2018-03-28,365.0,16.59,22.03,85.73%,住宅大樓,22,4F/17F,2房1廳1衛,N
2018-03-28,988.0,39.09,25.25,100.00%,公寓,39,4F/4F,3房2廳2衛,N
2018-03-28,430.0,55.91,7.69,79.07%,套房,21,7F/24F,1房1廳1衛,N
2018-03-28,1380.0,49.91,27.68,92.41%,住宅大樓,27,3F/12F,2房2廳2衛,N
2018-03-27,1455.0,62.0,23.45,65.77%,住宅大樓,11,9F/15F,2房2廳1衛,N
2018-03-27,1250.0,44.59,28.02,85.08%,公寓,43,4F/4F,3房2廳2衛,N
2018-03-26,700.0,23.59,29.68,92.15%,公寓,36,3F/5F,3房2廳2衛,N
2018-03-26,720.0,21.3,33.83,90.14%,公寓,32,3F/5F,3房2廳2衛,N
2018-03-26,200.0,10.6,18.86,60.74%,華廈,23,5F/6F,3房2廳2衛,N
2018-03-25,1250.0,45.5,27.47,78.04%,住宅大樓,32,7F/12F,3房2廳1衛,N
2018-03-25,668.0,28.09,23.74,76.47%,住宅大樓,23,5F/12F,3房2廳1衛,N
2018-03-25,520.0,30.7,16.94,64.02%,套房,26,4F/11F,1房1廳1衛,N
2018-03-25,2475.0,43.59,56.8,70.20%,住宅大樓,27,11F/16F,4房2廳2衛,N
2018-03-25,757.0,45.0,16.83,67.15%,套房,14,11F/14F,1房1廳1衛,N
2018-03-25,470.0,13.8,34.04,100.00%,公寓,39,2F/4F,4房2廳2衛,N
2018-03-25,1700.0,44.91,37.89,63.45%,住宅大樓,19,9F/36F,4房2廳2衛,N
2018-03-25,1108.0,37.31,29.68,88.99%,公寓,37,3F/5F,3房2廳2衛,N
2018-03-24,1330.0,33.69,39.49,76.52%,公寓,44,4F/4F,3房2廳2衛,N
2018-03-24,645.0,22.41,28.84,87.63%,公寓,35,2F/5F,3房2廳2衛,N
2018-03-24,705.0,33.59,21.0,73.74%,住宅大樓,23,8F/16F,2房2廳1衛,N
2018-03-24,810.0,57.59,14.07,61.69%,套房,9,11F/19F,1房1廳1衛,N
2018-03-24,1080.0,33.59,32.17,72.99%,住宅大樓,23,9F/13F,3房2廳2衛,N
2018-03-23,655.0,24.09,27.15,66.51%,華廈,10,8F/8F,1房1廳1衛,N
2018-03-23,490.0,26.2,18.74,63.87%,住宅大樓,11,12F/12F,1房1廳1衛,N
2018-03-22,500.0,21.7,23.06,72.05%,住宅大樓,22,12F/17F,2房1廳1衛,N
2018-03-22,470.0,22.59,20.82,100.00%,公寓,,3F/4F,2房2廳1衛,N
2018-03-22,850.0,40.41,21.03,94.49%,公寓,43,3F/4F,2房2廳1衛,N
2018-03-21,1060.0,27.0,39.29,86.81%,公寓,27,4F/5F,3房2廳1衛,N
2018-03-21,1080.0,27.5,39.29,92.16%,公寓,27,3F/5F,2房2廳1衛,N
2018-03-21,958.0,37.19,25.75,69.77%,公寓,27,2F/5F,2房2廳2衛,N
2018-03-21,960.0,48.69,19.72,66.87%,套房,19,7F/34F,1房1廳1衛,N
2018-03-21,980.0,34.41,28.47,100.00%,公寓,45,2F/4F,3房1廳1衛,N
2018-03-20,1470.0,44.09,33.36,72.00%,住宅大樓,18,26F/27F,3房2廳2衛,N
2018-03-20,1300.0,36.5,35.66,82.75%,公寓,43,2F/4F,3房2廳2衛,N
2018-03-20,300.0,14.9,20.17,100.00%,公寓,39,3F/4F,3房1廳1衛,N
2018-03-20,725.0,42.81,16.95,67.79%,住宅大樓,21,11F/12F,3房2廳2衛,N
2018-03-19,738.0,23.2,31.77,75.91%,公寓,20,1F/4F,3房2廳2衛,N
2018-03-19,221.9,0.0,46.19,,透天厝,21,A/3F,3房2廳3衛,N
2018-03-19,600.0,25.09,23.92,79.45%,公寓,23,3F/5F,2房2廳1衛,N
2018-03-19,1300.0,0.0,50.67,,透天厝,30,A/2F,4房3廳3衛,N
2018-03-19,2800.0,0.0,57.96,,透天厝,11,A/3F,4房2廳2衛,N
2018-03-19,1928.0,55.0,35.07,60.00%,住宅大樓,5,22F/23F,3房2廳2衛,N
2018-03-19,918.0,26.7,34.43,71.72%,住宅大樓,21,12F/14F,3房2廳2衛,N
2018-03-18,1670.0,64.31,25.98,72.92%,住宅大樓,13,4F/14F,2房2廳1衛,N
2018-03-18,1250.0,40.31,31.01,85.13%,公寓,40,2F/5F,3房2廳1衛,N
2018-03-18,2650.0,46.31,57.18,60.67%,住宅大樓,5,10F/27F,4房2廳2衛,N
2018-03-18,1100.0,37.69,29.21,88.35%,公寓,37,5F/5F,5房3廳3衛,N
2018-03-18,1200.0,50.91,23.59,59.61%,住宅大樓,5,9F/28F,2房2廳1衛,N
2018-03-18,1000.0,24.09,41.43,72.28%,華廈,17,5F/5F,4房2廳2衛,N
2018-03-17,960.0,40.59,23.67,,店面（店舖),23,1F/13F,3房0廳1衛,N
2018-03-17,1385.0,44.5,31.15,85.55%,公寓,40,4F/4F,3房2廳2衛,N
2018-03-17,855.0,33.09,25.86,89.51%,公寓,36,1F/5F,3房2廳1衛,N
2018-03-17,500.0,21.3,23.44,86.84%,公寓,35,4F/5F,3房2廳1衛,N
2018-03-17,1650.0,45.91,35.98,69.19%,住宅大樓,18,5F/22F,3房2廳2衛,N
2018-03-17,390.0,24.59,15.83,51.43%,套房,23,4F/12F,1房1廳1衛,N
2018-03-16,80.0,11.1,7.22,77.71%,華廈,24,9F/10F,1房1廳1衛,N
2018-03-16,1950.0,38.0,51.37,60.95%,住宅大樓,2,7F/13F,4房2廳2衛,N
2018-03-16,580.0,31.5,18.41,78.01%,公寓,41,4F/4F,1房2廳1衛,N
2018-03-16,758.0,28.0,27.05,89.39%,公寓,33,4F/5F,3房2廳1衛,N
2018-03-16,1200.0,38.81,30.9,100.00%,公寓,41,3F/4F,3房1廳2衛,N
2018-03-16,8.8,16.8,0.53,89.66%,公寓,34,2F/5F,4房2廳2衛,N
2018-03-15,1100.0,42.59,25.82,84.35%,公寓,39,3F/4F,3房2廳2衛,N
2018-03-15,675.0,26.7,25.29,85.54%,公寓,38,3F/4F,3房2廳1衛,N
2018-03-15,766.0,29.3,26.13,71.28%,華廈,25,6F/7F,3房2廳1衛,N
2018-03-15,1530.0,28.09,54.5,65.01%,住宅大樓,27,8F/16F,4房2廳2衛,N
2018-03-15,228.1,9.9,23.07,100.00%,公寓,39,3F/4F,3房2廳1衛,N
2018-03-15,850.0,37.41,22.74,,公寓,40,5F/5F,3房2廳1衛,N
2018-03-14,3050.0,0.0,130.83,,透天厝,12,A/3F,7房2廳4衛,N
2018-03-14,1350.0,40.59,33.21,86.09%,公寓,40,3F/5F,3房2廳2衛,N
2018-03-13,392.0,28.5,13.73,54.89%,套房,23,3F/12F,1房0廳1衛,N
2018-03-13,440.0,20.41,21.62,72.59%,套房,22,10F/17F,1房1廳1衛,N
2018-03-13,890.0,0.0,49.03,,透天厝,29,A/3F,4房3廳3衛,N
2018-03-13,500.0,13.7,36.37,83.72%,公寓,36,3F/5F,3房2廳2衛,N
2018-03-12,1100.0,41.31,26.62,100.00%,公寓,48,2F/4F,3房2廳2衛,N
2018-03-12,1138.0,56.5,20.13,65.08%,住宅大樓,11,9F/18F,2房2廳1衛,N
2018-03-12,80.0,36.81,2.17,100.00%,公寓,38,3F/5F,3房2廳1衛,N
2018-03-12,184.0,6.2,29.52,84.96%,公寓,36,2F/5F,3房2廳1衛,N
2018-03-12,1000.0,42.09,23.73,100.00%,公寓,38,5F/5F,3房2廳2衛,N
2018-03-12,1185.0,32.5,36.42,65.91%,華廈,9,3F/7F,3房2廳2衛,N
2018-03-11,1888.0,41.41,45.58,77.92%,華廈,30,7F/10F,4房2廳2衛,N
2018-03-11,1150.0,36.0,31.95,63.93%,住宅大樓,8,11F/13F,2房2廳2衛,N
2018-03-11,1620.0,65.5,24.73,100.00%,公寓,,1F/4F,3房1廳1衛,N
2018-03-11,1485.0,30.5,48.61,51.14%,住宅大樓,18,10F/16F,3房2廳2衛,N
2018-03-11,500.0,16.0,31.19,85.95%,公寓,35,4F/5F,3房2廳2衛,N
2018-03-10,850.0,23.2,36.66,67.91%,華廈,12,9F/9F,4房2廳2衛,N
2018-03-10,1006.0,40.19,25.0,93.72%,公寓,41,4F/4F,3房2廳1衛,N
2018-03-10,945.0,0.0,40.15,,透天厝,21,A/3F,4房2廳3衛,N
2018-03-10,1300.0,40.0,32.53,85.61%,公寓,,2F/5F,3房2廳2衛,N
2018-03-10,1005.0,34.0,29.56,67.56%,住宅大樓,9,5F/12F,2房2廳2衛,N
2018-03-09,710.0,61.41,11.56,66.08%,住宅大樓,11,11F/18F,1房0廳1衛,N
2018-03-09,785.0,31.7,24.78,70.17%,住宅大樓,18,4F/12F,2房2廳1衛,N
2018-03-08,395.0,21.41,18.48,100.00%,公寓,46,1F/4F,3房2廳1衛,N
2018-03-08,1000.0,35.0,28.58,86.82%,公寓,45,4F/4F,3房2廳1衛,N
2018-03-07,660.0,24.8,26.58,100.00%,公寓,39,3F/4F,2房1廳1衛,N
2018-03-07,723.0,23.41,30.92,88.74%,公寓,37,2F/5F,3房2廳2衛,N
2018-03-07,1016.0,31.41,32.4,87.58%,公寓,44,4F/4F,4房3廳1衛,N
2018-03-07,800.0,17.09,46.71,100.00%,公寓,38,1F/5F,2房2廳1衛,N
2018-03-07,67.0,28.8,2.32,90.10%,公寓,38,2F/5F,3房1廳1衛,N
2018-03-07,1178.0,36.0,32.72,63.53%,住宅大樓,1,5F/21F,2房2廳1衛,N
2018-03-07,1220.0,34.5,35.34,67.50%,住宅大樓,9,2F/12F,3房2廳2衛,N
2018-03-07,1350.0,41.91,32.23,85.56%,公寓,37,4F/5F,3房2廳2衛,N
2018-03-06,1250.0,34.0,36.76,62.59%,住宅大樓,7,12F/15F,3房2廳2衛,N
2018-03-06,1510.0,35.41,42.6,49.40%,住宅大樓,17,1F/14F,3房1廳1衛,N
2018-03-06,1200.0,34.59,34.66,92.49%,公寓,37,2F/5F,4房2廳2衛,N
2018-03-06,399.6,15.8,25.35,89.98%,公寓,36,2F/5F,3房2廳1衛,N
2018-03-06,850.0,13.6,62.37,51.21%,公寓,36,3F/5F,4房3廳3衛,N
2018-03-05,150.0,5.3,28.33,100.00%,公寓,37,4F/5F,3房2廳2衛,N
2018-03-05,1105.0,45.0,24.55,54.79%,住宅大樓,3,6F/12F,2房2廳1衛,N
2018-03-05,815.0,29.09,27.97,88.23%,公寓,32,1F/5F,3房2廳2衛,N
2018-03-05,500.0,25.8,19.41,94.61%,公寓,36,4F/5F,3房2廳1衛,N
2018-03-05,600.0,24.7,24.32,86.64%,公寓,39,2F/4F,3房2廳1衛,N
2018-03-05,650.0,24.41,26.61,91.50%,公寓,34,4F/5F,2房2廳2衛,N
2018-03-05,666.0,20.2,32.92,88.79%,公寓,34,5F/5F,3房2廳2衛,N
2018-03-04,130.0,8.0,16.21,61.07%,華廈,36,4F/7F,1房1廳1衛,N
2018-03-04,1700.0,31.91,53.35,,廠辦,27,2F/5F,5房2廳2衛,N
2018-03-04,1170.0,32.09,36.45,84.71%,華廈,25,6F/7F,4房2廳2衛,N
2018-03-04,1050.0,44.5,23.59,100.00%,公寓,40,4F/4F,3房2廳2衛,N
2018-03-03,1040.0,30.5,34.08,69.16%,華廈,23,6F/7F,3房2廳2衛,N
2018-03-03,666.0,23.8,28.03,68.08%,華廈,12,6F/9F,3房2廳2衛,N
2018-03-03,1080.0,0.0,29.47,,透天厝,35,A/3F,3房3廳3衛,N
2018-03-02,1200.0,35.41,33.89,100.00%,公寓,46,4F/4F,3房1廳1衛,N
2018-03-02,1210.0,42.31,28.58,86.82%,公寓,45,2F/4F,3房2廳1衛,N
2018-03-02,935.0,51.0,18.34,57.11%,套房,5,7F/29F,1房0廳1衛,N
2018-03-02,140.0,19.41,7.23,80.96%,公寓,37,2F/4F,3房2廳1衛,N
2018-03-01,2950.0,0.0,54.13,,透天厝,20,A/2F,5房2廳3衛,N
2018-03-01,1272.0,41.09,30.91,83.80%,公寓,41,4F/4F,3房2廳1衛,N
2018-03-01,380.0,24.8,15.3,89.90%,公寓,32,5F/5F,3房2廳2衛,N
2018-03-01,850.0,28.59,29.75,86.32%,公寓,37,2F/5F,3房2廳1衛,N
2018-02-28,680.0,29.41,23.13,68.75%,住宅大樓,22,10F/16F,2房2廳1衛,N
2018-02-28,1326.0,40.81,32.53,84.52%,公寓,31,2F/5F,3房2廳2衛,N
2018-02-27,1300.0,46.81,27.77,57.23%,住宅大樓,5,2F/210F,0房0廳1衛,N
2018-02-27,1520.0,57.09,26.64,84.67%,公寓,44,1F/4F,3房2廳2衛,N
2018-02-26,456.0,23.0,19.8,72.49%,住宅大樓,19,17F/210F,1房1廳1衛,N
2018-02-25,700.0,63.91,10.95,66.15%,套房,11,12F/18F,1房1廳1衛,N
2018-02-25,330.0,17.0,19.42,88.63%,公寓,36,5F/5F,3房2廳1衛,N
2018-02-25,650.0,57.09,11.38,66.13%,住宅大樓,5,2F/12F,2房1廳1衛,N
2018-02-25,1450.0,36.59,39.65,84.22%,公寓,44,3F/4F,4房2廳2衛,N
2018-02-24,1310.0,54.0,24.26,59.64%,住宅大樓,5,7F/25F,2房2廳1衛,N
2018-02-24,268.0,35.09,7.64,70.22%,套房,21,8F/12F,1房1廳1衛,N
2018-02-24,155.0,10.0,15.48,51.85%,華廈,33,5F/9F,1房1廳1衛,N
2018-02-23,4398.0,0.0,66.63,,透天厝,14,A/3F,5房3廳3衛,N
2018-02-23,200.0,30.09,6.65,100.00%,公寓,,2F/4F,3房1廳1衛,N
2018-02-22,960.0,0.0,49.98,,透天厝,21,A/3F,4房2廳3衛,N
2018-02-21,249.7,22.41,11.16,100.00%,公寓,45,4F/4F,3房1廳1衛,N
2018-02-14,1550.0,0.0,69.91,,透天厝,21,A/2F,4房2廳4衛,N
2018-02-14,160.0,38.31,4.17,86.23%,公寓,45,2F/4F,3房2廳2衛,N
2018-02-13,600.0,46.69,12.84,65.76%,套房,14,9F/14F,1房1廳1衛,N
2018-02-13,1080.0,27.91,38.73,77.53%,住宅大樓,23,16F/16F,2房2廳2衛,N
2018-02-13,1900.0,62.0,30.65,61.61%,住宅大樓,,18F/210F,2房2廳1衛,N
2018-02-12,420.0,20.09,20.87,75.80%,住宅大樓,22,11F/19F,2房2廳1衛,N
2018-02-12,675.0,30.2,22.33,87.46%,公寓,35,1F/5F,3房2廳1衛,N
2018-02-12,500.0,17.91,27.98,71.67%,華廈,17,4F/6F,2房1廳1衛,N
2018-02-11,736.0,29.09,25.25,77.05%,住宅大樓,20,2F/15F,3房2廳1衛,N
2018-02-11,1448.0,62.81,23.06,56.45%,住宅大樓,,7F/310F,2房2廳1衛,N
2018-02-11,1055.0,30.0,35.13,65.42%,華廈,24,7F/7F,3房2廳2衛,N
2018-02-11,590.0,26.2,22.53,86.52%,公寓,35,4F/5F,3房2廳1衛,N
2018-02-10,730.0,42.81,17.05,,店面（店舖),21,1F/13F,3房1廳2衛,N
2018-02-10,900.0,29.09,30.98,61.57%,住宅大樓,15,8F/11F,3房2廳2衛,N
2018-02-10,1070.0,32.19,33.25,77.32%,華廈,23,7F/8F,3房2廳2衛,N
2018-02-10,1060.0,45.31,23.42,60.99%,住宅大樓,8,4F/12F,2房2廳1衛,N
2018-02-09,900.0,40.09,22.42,93.75%,公寓,42,3F/4F,2房2廳1衛,N
2018-02-09,2250.0,40.0,56.28,66.15%,住宅大樓,18,24F/34F,4房2廳2衛,N
2018-02-09,650.0,22.41,29.07,87.50%,公寓,36,3F/5F,3房2廳2衛,N
2018-02-09,1250.0,33.09,37.75,66.97%,住宅大樓,21,4F/25F,2房1廳1衛,N
2018-02-09,540.0,29.0,18.6,57.31%,華廈,,3F/7F,1房2廳1衛,N
2018-02-09,550.0,29.59,18.6,57.31%,華廈,,4F/7F,1房2廳1衛,N
2018-02-09,788.0,27.09,29.1,59.38%,華廈,,4F/7F,2房2廳1衛,N
2018-02-09,900.0,29.09,30.93,56.02%,華廈,,7F/7F,2房2廳1衛,N
2018-02-08,220.0,15.9,13.82,81.17%,公寓,43,3F/3F,2房1廳1衛,N
2018-02-06,2950.0,0.0,57.96,,透天厝,11,A/3F,4房2廳2衛,N
2018-02-06,1150.0,38.0,30.28,88.73%,公寓,35,1F/5F,3房2廳2衛,N
2018-02-06,1150.0,32.09,35.86,100.00%,公寓,,4F/4F,4房2廳2衛,N
2018-02-05,1650.0,47.41,34.83,58.34%,住宅大樓,1,10F/26F,3房2廳2衛,N
2018-02-05,562.0,27.0,20.83,79.96%,住宅大樓,21,13F/14F,2房2廳1衛,N
2018-02-04,758.0,55.59,13.63,57.07%,住宅大樓,5,1F/18F,2房1廳1衛,N
2018-02-04,310.0,0.0,33.96,,透天厝,36,A/2F,3房2廳2衛,N
2018-02-04,360.0,35.0,10.29,77.23%,套房,25,1F/14F,0房0廳1衛,N
2018-02-03,705.0,62.09,11.34,66.05%,住宅大樓,11,14F/18F,2房0廳1衛,N
2018-02-03,1150.0,38.81,29.67,83.14%,公寓,,2F/4F,3房2廳2衛,N
2018-02-03,1238.0,51.0,24.26,59.64%,住宅大樓,5,210F/24F,2房1廳1衛,N
2018-02-02,350.0,15.4,22.78,84.54%,住宅大樓,22,3F/16F,2房2廳1衛,N
2018-02-02,800.0,21.41,37.45,78.64%,華廈,29,7F/9F,3房2廳2衛,N
2018-02-02,700.0,34.69,20.19,100.00%,公寓,39,4F/5F,2房2廳1衛,N
2018-02-01,1280.0,46.81,27.33,86.34%,公寓,40,2F/4F,2房2廳1衛,N
2018-01-31,345.0,17.59,19.6,88.27%,公寓,36,4F/5F,3房2廳1衛,N
2018-01-31,1000.0,27.7,36.05,65.49%,華廈,2,4F/7F,3房1廳1衛,N
2018-01-30,600.0,63.19,9.5,55.75%,套房,5,7F/29F,1房1廳1衛,N
2018-01-30,948.0,36.0,26.31,70.01%,住宅大樓,9,1F/12F,2房2廳2衛,N
2018-01-29,775.0,24.5,31.6,68.20%,華廈,14,7F/10F,3房2廳2衛,N
2018-01-29,1058.0,32.19,32.81,88.19%,公寓,43,4F/4F,3房2廳1衛,N
2018-01-29,1043.0,43.91,23.75,84.34%,公寓,39,2F/5F,3房2廳1衛,N
2018-01-28,1330.0,47.59,27.95,64.19%,住宅大樓,19,6F/14F,3房2廳1衛,N
2018-01-28,1106.0,34.69,31.85,90.27%,公寓,43,4F/4F,3房2廳2衛,N
2018-01-28,1030.0,34.5,29.86,84.93%,公寓,42,4F/4F,3房2廳2衛,N
2018-01-28,1300.0,62.69,20.72,100.00%,公寓,,1F/4F,3房2廳2衛,N
2018-01-28,1628.0,0.0,59.5,,透天厝,11,A/3F,3房2廳3衛,N
2018-01-28,380.0,18.09,20.97,93.02%,公寓,36,3F/5F,3房1廳1衛,N
2018-01-27,1880.0,63.91,29.41,60.30%,住宅大樓,,210F/210F,2房2廳1衛,N
2018-01-27,766.0,39.0,19.63,73.47%,住宅大樓,15,11F/14F,1房1廳1衛,N
2018-01-27,500.0,18.7,26.75,79.90%,公寓,27,2F/5F,3房2廳2衛,N
2018-01-27,1070.0,33.69,31.75,66.61%,住宅大樓,13,11F/12F,3房2廳1衛,N
2018-01-26,1450.0,42.41,34.21,88.04%,公寓,31,1F/5F,6房2廳2衛,N
2018-01-26,1160.0,36.0,32.23,63.40%,住宅大樓,1,1F/21F,2房1廳1衛,N
2018-01-26,1192.0,37.0,32.23,63.40%,住宅大樓,1,7F/21F,2房1廳1衛,N
2018-01-26,1020.0,38.91,26.2,87.30%,公寓,40,3F/4F,3房2廳1衛,N
2018-01-25,600.0,21.09,28.46,87.57%,公寓,35,5F/5F,3房2廳2衛,N
2018-01-25,310.0,29.91,10.37,78.00%,住宅大樓,25,14F/14F,1房1廳1衛,N
2018-01-24,780.0,21.3,36.57,90.49%,公寓,32,2F/5F,4房2廳2衛,N
2018-01-24,1130.0,44.19,25.58,92.64%,公寓,39,1F/5F,4房0廳4衛,N
2018-01-24,919.0,28.91,31.75,75.17%,住宅大樓,21,8F/14F,3房2廳1衛,N
2018-01-23,1300.0,38.19,34.02,96.40%,公寓,33,4F/5F,3房2廳2衛,N
2018-01-23,500.0,0.0,17.54,,透天厝,,A/2F,3房2廳1衛,N
2018-01-23,1140.0,37.81,30.13,84.75%,公寓,42,3F/4F,3房2廳2衛,N
2018-01-23,900.0,0.0,33.96,,透天厝,36,A/2F,5房3廳4衛,N
2018-01-23,1300.0,44.81,28.99,87.94%,公寓,39,4F/5F,3房2廳2衛,N
2018-01-22,1060.0,32.81,32.3,100.00%,公寓,,1F/4F,4房2廳2衛,N
2018-01-22,500.0,23.3,21.42,78.42%,華廈,20,7F/10F,2房2廳1衛,N
2018-01-22,314.0,26.0,12.07,100.00%,公寓,,1F/4F,3房2廳1衛,N
2018-01-22,273.0,12.0,22.66,84.86%,住宅大樓,22,13F/17F,2房1廳1衛,N
2018-01-22,1450.0,56.69,25.58,62.89%,住宅大樓,9,5F/17F,2房1廳1衛,N
2018-01-21,900.0,29.8,30.21,80.36%,公寓,38,4F/5F,2房2廳1衛,N
2018-01-21,1570.0,58.31,26.91,61.48%,住宅大樓,10,7F/15F,2房2廳1衛,N
2018-01-20,650.0,23.7,27.44,,廠辦,45,3F/3F,3房1廳1衛,N
2018-01-20,1395.0,64.0,21.81,64.11%,住宅大樓,9,24F/27F,1房1廳1衛,N
2018-01-20,660.0,0.0,28.55,,透天厝,36,A/2F,4房2廳2衛,N
2018-01-20,700.0,30.0,23.32,68.75%,華廈,24,5F/7F,2房2廳1衛,N
2018-01-20,730.0,34.19,21.34,63.34%,華廈,18,4F/7F,2房1廳1衛,N
2018-01-20,1393.0,54.91,25.39,54.62%,住宅大樓,6,10F/13F,2房2廳1衛,N
2018-01-19,350.0,24.7,14.17,70.58%,套房,10,7F/8F,0房1廳1衛,N
2018-01-19,600.0,42.59,14.07,62.62%,住宅大樓,18,2F/18F,1房1廳1衛,N
2018-01-19,1200.0,23.09,51.85,64.47%,華廈,24,5F/7F,4房2廳3衛,N
2018-01-18,390.0,17.41,22.37,85.83%,住宅大樓,22,11F/17F,2房1廳1衛,N
2018-01-18,300.0,11.8,25.41,89.36%,公寓,34,5F/5F,3房2廳2衛,N
2018-01-18,640.0,31.2,20.49,67.31%,住宅大樓,21,3F/13F,2房2廳1衛,N
2018-01-18,1750.0,41.5,42.21,83.51%,華廈,41,6F/7F,4房2廳2衛,N
2018-01-18,380.0,20.09,18.92,85.89%,公寓,35,5F/5F,2房1廳1衛,N
2018-01-17,1010.0,36.31,27.82,63.38%,住宅大樓,5,2F/12F,2房2廳1衛,N
2018-01-17,800.0,37.5,21.31,73.57%,華廈,21,7F/7F,2房1廳1衛,N
2018-01-17,1650.0,0.0,69.87,,透天厝,30,A/3F,6房2廳3衛,N
2018-01-17,900.0,31.0,29.04,90.38%,公寓,37,2F/5F,3房2廳2衛,N
2018-01-16,1065.0,40.0,26.64,,公寓,38,3F/5F,3房2廳2衛,N
2018-01-16,730.0,35.19,20.73,98.56%,公寓,36,3F/5F,2房2廳1衛,N
2018-01-16,750.0,22.8,32.86,87.25%,公寓,34,3F/5F,3房2廳2衛,N
2018-01-16,750.0,31.59,23.72,69.61%,住宅大樓,20,8F/15F,3房2廳1衛,N
2018-01-16,700.0,20.41,34.3,60.38%,住宅大樓,22,7F/15F,3房2廳2衛,N
2018-01-16,620.0,22.8,27.15,66.51%,華廈,10,7F/8F,2房1廳1衛,N
2018-01-16,800.0,28.59,28.02,100.00%,公寓,37,2F/5F,3房2廳1衛,N
2018-01-15,600.0,46.69,12.84,65.76%,套房,14,11F/14F,0房1廳1衛,N
2018-01-15,1228.0,30.8,39.86,75.91%,住宅大樓,24,9F/16F,3房2廳2衛,N
2018-01-15,1200.0,0.0,47.63,,透天厝,21,A/3F,5房3廳4衛,N
2018-01-15,452.9,14.5,31.29,82.89%,公寓,31,4F/5F,3房2廳2衛,N
2018-01-14,492.0,25.09,19.6,88.27%,公寓,36,1F/5F,4房3廳1衛,N
2018-01-14,825.0,54.31,15.2,57.31%,套房,13,12F/19F,1房1廳1衛,N
2018-01-13,1850.0,62.91,29.41,60.30%,住宅大樓,,19F/210F,2房2廳1衛,N
2018-01-13,2330.0,68.38,34.05,83.82%,華廈,25,1F/8F,3房2廳2衛,N
2018-01-13,300.0,29.7,10.1,55.69%,華廈,20,4F/6F,1房0廳1衛,N
2018-01-13,1252.0,42.5,29.43,80.17%,住宅大樓,23,8F/12F,3房2廳2衛,N
2018-01-13,1090.0,34.31,31.81,90.38%,公寓,43,4F/4F,3房2廳2衛,N
2018-01-12,720.0,40.09,17.96,100.00%,公寓,42,3F/4F,2房2廳2衛,N
2018-01-12,328.3,9.4,34.78,78.58%,公寓,31,3F/5F,3房2廳2衛,N
2018-01-11,720.0,22.09,32.64,64.20%,住宅大樓,23,7F/21F,2房2廳2衛,N
2018-01-11,865.0,30.5,28.37,100.00%,公寓,39,4F/5F,3房2廳1衛,N
2018-01-11,595.0,22.0,27.01,81.94%,公寓,36,3F/5F,3房2廳1衛,N
2018-01-10,1180.0,31.3,37.75,66.97%,住宅大樓,21,4F/25F,2房1廳1衛,N
2018-01-10,450.0,0.0,37.2,,透天厝,37,A/2F,2房2廳2衛,N
2018-01-10,418.0,21.0,19.87,72.25%,住宅大樓,19,11F/19F,1房2廳1衛,N
2018-01-10,1136.0,36.19,31.41,65.51%,華廈,14,9F/9F,3房2廳2衛,N
2018-01-09,7260.0,0.0,43.75,,透天厝,,A/2F,4房2廳2衛,N
2018-01-08,720.0,22.09,32.64,64.20%,住宅大樓,23,4F/21F,2房2廳2衛,N
2018-01-08,559.0,35.0,15.98,63.93%,住宅大樓,8,12F/13F,2房2廳2衛,N
2018-01-08,270.0,11.9,22.76,100.00%,公寓,42,1F/4F,3房2廳1衛,N
2018-01-08,1500.0,45.19,33.19,65.22%,住宅大樓,18,25F/32F,3房2廳2衛,N
2018-01-08,800.0,30.91,25.89,85.75%,公寓,36,1F/5F,3房2廳2衛,N
2018-01-08,1120.0,31.91,35.09,89.02%,公寓,36,5F/5F,3房2廳2衛,N
2018-01-08,1400.0,0.0,36.19,,透天厝,19,A/2F,3房2廳2衛,N
2018-01-07,1131.0,37.5,30.16,79.78%,公寓,36,2F/5F,3房2廳1衛,N
2018-01-07,700.0,63.0,11.12,65.93%,套房,11,12F/18F,1房1廳1衛,N
2018-01-06,525.0,28.0,18.74,63.87%,住宅大樓,10,2F/12F,2房1廳1衛,N
2018-01-06,1540.0,0.0,69.28,,透天厝,21,A/3F,4房2廳3衛,N
2018-01-06,1100.0,44.59,24.69,100.00%,公寓,40,5F/5F,2房2廳2衛,N
2018-01-06,1430.0,55.31,25.85,62.01%,住宅大樓,4,8F/26F,2房2廳2衛,N
2018-01-05,425.0,16.8,25.25,79.48%,公寓,36,4F/5F,3房2廳1衛,N
2018-01-04,1000.0,42.59,23.46,,店面（店舖),22,1F/12F,1房2廳3衛,N
2018-01-04,576.0,21.8,26.37,83.46%,公寓,27,2F/5F,3房2廳1衛,N
2018-01-04,1050.0,34.91,30.09,60.25%,住宅大樓,1,6F/12F,3房1廳1衛,N
2018-01-04,770.0,37.09,20.73,100.00%,公寓,,4F/4F,3房2廳1衛,N
2018-01-02,3799.0,0.0,116.78,,透天厝,5,A/3F,5房2廳6衛,N
2018-01-02,460.0,18.0,25.54,100.00%,公寓,48,2F/4F,3房2廳1衛,N
2018-01-02,2500.0,54.31,46.02,62.89%,住宅大樓,5,18F/210F,2房2廳2衛,N
2018-01-01,2180.0,49.91,43.71,88.62%,住宅大樓,26,7F/24F,4房2廳2衛,N
2018-01-01,1205.0,35.81,33.66,83.65%,公寓,31,4F/5F,3房2廳2衛,N
2018-01-01,3538.0,106.5,33.23,,店面（店舖),39,1F/5F,0房1廳1衛,N
2018-01-01,370.0,36.19,10.21,77.84%,套房,25,9F/14F,1房1廳1衛,N
2018-01-01,1980.0,37.31,53.05,84.16%,住宅大樓,24,18F/210F,4房2廳2衛,N
2018-12-31,970.0,29.8,32.53,80.51%,公寓,31,5F/5F,3房2廳2衛,N
2018-12-31,3636.0,0.0,74.54,,透天厝,27,A/3F,4房3廳4衛,N
2018-12-31,740.0,43.31,17.1,56.95%,住宅大樓,23,11F/14F,2房1廳1衛,N
2018-12-31,1500.0,41.81,35.88,86.69%,公寓,45,3F/4F,4房2廳1衛,N
2018-12-31,1220.0,36.91,33.02,86.62%,公寓,37,4F/5F,3房2廳2衛,N
2018-12-31,1030.0,35.69,28.84,85.07%,公寓,40,3F/4F,3房2廳2衛,N
2018-12-31,905.0,31.59,28.61,65.81%,住宅大樓,23,14F/16F,3房2廳2衛,N
2018-12-30,315.0,17.59,17.85,69.36%,住宅大樓,22,14F/17F,2房2廳1衛,N
2018-12-30,765.0,34.0,22.53,68.69%,住宅大樓,17,13F/14F,2房2廳1衛,N
2018-12-30,560.0,32.81,17.09,100.00%,公寓,40,1F/4F,2房2廳1衛,N
2018-12-29,3058.0,0.0,52.98,,透天厝,21,A/2F,5房2廳3衛,N
2018-12-29,1338.0,51.09,26.17,53.01%,華廈,5,6F/9F,2房1廳1衛,N
2018-12-29,720.0,35.81,20.1,61.04%,住宅大樓,4,5F/15F,1房2廳1衛,N
2018-12-29,1020.0,53.5,19.06,60.67%,住宅大樓,5,10F/27F,4房2廳2衛,N
2018-12-29,1806.0,61.0,29.62,66.52%,住宅大樓,10,7F/27F,2房2廳1衛,N
2018-12-28,360.0,16.5,21.78,88.61%,公寓,37,2F/5F,3房2廳1衛,N
2018-12-28,950.0,58.19,16.33,66.01%,套房,12,14F/18F,1房1廳1衛,N
2018-12-28,968.0,36.41,26.57,87.61%,公寓,48,3F/4F,3房2廳2衛,N
2018-12-28,485.0,22.59,21.42,78.42%,華廈,21,9F/10F,2房2廳1衛,N
2018-12-28,1263.0,0.0,52.17,,透天厝,30,A/3F,3房2廳3衛,N
2018-12-27,648.0,29.7,21.81,93.66%,公寓,35,3F/5F,2房1廳1衛,N
2018-12-27,1415.0,35.5,39.9,60.82%,住宅大樓,1,4F/14F,3房2廳2衛,N
2018-12-27,1330.0,56.69,23.44,57.02%,住宅大樓,,2F/21F,1房1廳1衛,Y
2018-12-26,910.0,34.69,26.19,89.05%,公寓,40,3F/5F,2房2廳1衛,N
2018-12-26,620.0,18.0,34.39,87.92%,公寓,35,1F/5F,3房2廳2衛,N
2018-12-26,390.0,24.59,15.83,71.13%,住宅大樓,27,9F/16F,4房2廳2衛,N
2018-12-26,936.0,36.31,25.78,85.06%,公寓,34,4F/5F,3房2廳2衛,N
2018-12-26,750.0,38.19,19.63,73.47%,住宅大樓,16,9F/14F,2房2廳1衛,N
2018-12-26,1936.0,54.81,35.35,62.69%,住宅大樓,,5F/15F,3房2廳2衛,Y
2018-12-26,1676.0,55.81,30.03,56.88%,住宅大樓,,10F/21F,2房2廳2衛,Y
2018-12-25,5400.0,53.41,101.04,59.06%,住宅大樓,2,6F/23F,3房2廳4衛,N
2018-12-25,1138.0,34.81,32.73,59.73%,住宅大樓,,5F/24F,2房2廳1衛,N
2018-12-25,1050.0,0.0,28.97,,透天厝,47,全/--,3房2廳2衛,N
2018-12-25,233.5,29.3,7.96,68.48%,套房,23,4F/13F,1房1廳1衛,N
2018-12-25,1500.0,50.91,29.49,100.00%,公寓,47,4F/4F,3房2廳2衛,N
2018-12-24,5600.0,58.31,95.98,58.75%,住宅大樓,2,210F/23F,3房2廳4衛,N
2018-12-24,6898.0,0.0,126.48,,透天厝,1,A/3F,3房3廳4衛,N
2018-12-24,620.0,22.09,28.03,68.08%,華廈,13,4F/9F,3房2廳2衛,N
2018-12-24,1760.0,0.0,61.82,,透天厝,30,A/3F,3房2廳3衛,N
2018-12-24,875.0,35.41,24.72,100.00%,公寓,41,1F/4F,4房2廳2衛,N
2018-12-24,720.0,27.0,26.65,100.00%,公寓,,1F/4F,3房2廳2衛,N
2018-12-24,927.2,22.3,41.54,100.00%,公寓,39,5F/5F,4房1廳2衛,N
2018-12-23,1555.0,55.69,27.91,63.23%,住宅大樓,10,5F/19F,2房1廳1衛,N
2018-12-23,1855.0,66.0,28.1,100.00%,公寓,,1F/4F,3房2廳2衛,N
2018-12-23,1280.0,32.69,39.2,77.25%,公寓,30,2F/5F,3房2廳2衛,N
2018-12-23,520.0,17.59,29.49,81.70%,公寓,22,2F/4F,2房2廳1衛,N
2018-12-23,788.0,61.31,12.86,62.53%,套房,10,7F/9F,0房1廳1衛,N
2018-12-23,1288.0,34.41,37.44,86.58%,公寓,40,5F/5F,3房2廳2衛,N
2018-12-23,720.0,39.0,18.46,100.00%,公寓,48,3F/4F,3房1廳1衛,N
2018-12-23,680.0,43.31,15.72,100.00%,公寓,40,1F/4F,2房1廳1衛,N
2018-12-23,558.0,27.41,20.39,56.74%,華廈,,4F/6F,1房2廳1衛,Y
2018-12-22,1148.0,29.2,39.36,,其他,3,8F/14F,,N
2018-12-22,700.0,14.8,47.28,52.10%,住宅大樓,22,12F/14F,3房2廳2衛,N
2018-12-22,1100.0,39.41,27.95,84.83%,公寓,40,4F/5F,2房2廳1衛,N
2018-12-22,1060.0,24.8,42.76,89.66%,公寓,29,3F/5F,4房2廳2衛,N
2018-12-22,390.0,17.7,22.01,71.30%,住宅大樓,22,10F/14F,2房2廳2衛,N
2018-12-22,1170.0,35.19,33.2,81.61%,公寓,35,5F/5F,3房2廳1衛,N
2018-12-22,4390.0,37.0,118.65,73.49%,華廈,29,4F/10F,,N
2018-12-22,1343.0,56.81,23.63,56.70%,住宅大樓,,9F/21F,1房1廳1衛,Y
2018-12-22,1168.0,36.19,32.29,55.68%,住宅大樓,1,8F/14F,2房2廳1衛,N
2018-12-21,673.0,24.0,28.08,76.42%,住宅大樓,24,3F/21F,2房2廳1衛,N
2018-12-21,916.0,34.19,26.8,72.41%,住宅大樓,19,8F/13F,3房2廳2衛,N
2018-12-21,1670.0,36.69,45.53,62.81%,華廈,23,2F/7F,3房2廳2衛,N
2018-12-21,1720.0,67.0,25.66,100.00%,公寓,,1F/4F,4房2廳2衛,N
2018-12-21,685.0,26.5,25.82,61.14%,華廈,,2F/6F,2房2廳2衛,Y
2018-12-20,870.0,0.0,33.79,,透天厝,36,A/2F,5房2廳2衛,N
2018-12-20,1176.0,41.31,28.51,87.43%,公寓,39,4F/4F,3房2廳2衛,N
2018-12-19,350.0,36.41,9.63,72.69%,套房,23,6F/12F,1房1廳1衛,N
2018-12-19,980.0,38.5,25.48,100.00%,公寓,40,5F/5F,3房2廳2衛,N
2018-12-19,980.0,31.0,31.61,82.53%,公寓,30,1F/5F,3房2廳2衛,N
2018-12-19,1130.0,31.59,35.7,71.27%,住宅大樓,25,9F/12F,4房2廳2衛,N
2018-12-18,677.0,33.0,20.53,80.32%,住宅大樓,24,2F/16F,2房1廳1衛,N
2018-12-18,1110.0,45.69,24.31,69.86%,住宅大樓,6,1F/11F,2房1廳1衛,N
2018-12-18,900.0,28.7,31.34,77.19%,公寓,32,2F/5F,3房2廳2衛,N
2018-12-18,1108.0,60.09,18.44,53.80%,住宅大樓,,2F/14F,2房1廳1衛,N
2018-12-17,770.0,22.0,35.06,81.25%,華廈,22,2F/4F,3房2廳2衛,N
2018-12-17,420.0,20.0,20.96,75.48%,住宅大樓,22,2F/19F,2房2廳1衛,N
2018-12-17,1730.0,40.5,42.71,62.19%,住宅大樓,19,28F/32F,3房2廳2衛,N
2018-12-16,1490.0,39.81,37.4,84.81%,公寓,40,2F/4F,3房2廳2衛,N
2018-12-16,935.0,47.81,19.57,90.20%,公寓,41,1F/4F,3房1廳1衛,N
2018-12-16,1250.0,42.59,29.38,74.17%,住宅大樓,33,6F/12F,3房2廳1衛,N
2018-12-15,888.0,26.59,33.41,85.35%,公寓,43,4F/4F,3房2廳1衛,N
2018-12-15,1080.0,39.59,27.25,83.59%,公寓,46,2F/4F,3房2廳1衛,N
2018-12-15,600.0,44.31,13.56,100.00%,公寓,,2F/4F,2房2廳1衛,N
2018-12-15,500.0,14.7,33.96,90.64%,公寓,33,3F/5F,3房2廳2衛,N
2018-12-15,1402.0,51.31,27.33,66.38%,住宅大樓,19,26F/29F,2房2廳1衛,N
2018-12-15,660.0,23.0,28.75,90.67%,公寓,28,2F/5F,3房2廳2衛,N
2018-12-14,1330.0,0.0,48.92,,透天厝,29,A/3F,4房2廳3衛,N
2018-12-14,650.0,23.5,27.61,88.51%,公寓,34,4F/5F,3房2廳2衛,N
2018-12-14,1100.0,31.91,34.45,69.95%,華廈,18,6F/9F,3房2廳2衛,N
2018-12-14,900.0,28.8,31.29,82.89%,公寓,32,5F/5F,3房2廳2衛,N
2018-12-14,4190.0,0.0,88.19,,透天厝,1,A/3F,,N
2018-12-14,680.0,23.91,28.46,87.57%,公寓,36,2F/5F,3房2廳2衛,N
2018-12-13,560.0,19.59,28.62,83.54%,公寓,37,3F/5F,3房2廳2衛,N
2018-12-13,558.0,31.8,17.55,66.57%,住宅大樓,23,14F/16F,2房1廳1衛,N
2018-12-13,1068.0,38.5,27.75,88.26%,公寓,36,4F/5F,2房2廳1衛,N
2018-12-13,360.0,22.3,16.17,91.36%,住宅大樓,25,9F/12F,3房2廳2衛,N
2018-12-13,750.0,30.09,24.92,100.00%,公寓,41,4F/4F,3房2廳1衛,N
2018-12-12,1580.0,63.81,24.78,65.24%,華廈,19,5F/6F,2房1廳1衛,N
2018-12-12,910.0,0.0,49.98,,透天厝,22,A/3F,3房2廳2衛,N
2018-12-12,672.0,19.2,35.03,100.00%,公寓,39,4F/5F,4房2廳2衛,N
2018-12-12,1560.0,0.0,52.08,,透天厝,30,A/3F,4房2廳3衛,N
2018-12-12,570.0,19.09,29.82,90.58%,公寓,33,4F/5F,3房2廳2衛,N
2018-12-11,1190.0,36.41,32.73,59.73%,住宅大樓,,5F/24F,2房2廳1衛,N
2018-12-11,1060.0,25.59,41.46,75.38%,住宅大樓,17,4F/14F,3房2廳2衛,N
2018-12-11,970.0,0.0,37.54,,透天厝,35,A/3F,3房2廳3衛,N
2018-12-11,1375.0,56.0,24.56,61.42%,住宅大樓,,6F/15F,2房2廳1衛,Y
2018-12-10,1750.0,48.59,36.02,63.71%,住宅大樓,16,13F/14F,3房2廳2衛,N
2018-12-10,900.0,61.41,14.67,57.83%,套房,14,12F/19F,1房1廳1衛,N
2018-12-10,590.0,20.91,28.2,100.00%,公寓,41,5F/5F,3房1廳1衛,N
2018-12-09,1148.0,42.19,27.21,68.80%,住宅大樓,19,26F/34F,3房2廳2衛,N
2018-12-09,1250.0,39.31,31.82,83.11%,公寓,38,2F/4F,3房2廳2衛,N
2018-12-09,1410.0,57.41,24.56,61.42%,住宅大樓,,10F/15F,2房2廳1衛,Y
2018-12-08,1230.0,50.69,24.26,100.00%,公寓,38,1F/5F,3房2廳1衛,N
2018-12-08,740.0,28.3,26.19,100.00%,公寓,40,4F/4F,3房2廳2衛,N
2018-12-08,1100.0,36.31,30.33,82.07%,公寓,40,3F/4F,3房2廳1衛,N
2018-12-08,2505.0,57.19,43.8,67.09%,住宅大樓,16,6F/24F,3房2廳2衛,N
2018-12-08,850.0,48.19,17.65,67.60%,套房,15,8F/14F,1房1廳1衛,N
2018-12-08,880.0,36.59,24.02,73.01%,住宅大樓,19,9F/13F,3房2廳1衛,N
2018-12-08,968.0,35.69,27.13,100.00%,華廈,,4F/7F,3房2廳2衛,N
2018-12-08,913.0,29.59,30.84,90.99%,公寓,40,3F/5F,4房2廳2衛,N
2018-12-08,1210.0,65.5,18.47,60.10%,住宅大樓,,14F/14F,2房1廳1衛,Y
2018-12-08,1890.0,62.59,30.19,58.66%,住宅大樓,,8F/14F,2房2廳2衛,Y
2018-12-07,1179.0,36.0,32.73,59.73%,住宅大樓,,3F/24F,2房2廳1衛,N
2018-12-07,1075.0,35.19,30.54,87.33%,公寓,44,2F/4F,3房2廳1衛,N
2018-12-07,1398.0,41.0,34.09,86.03%,公寓,41,5F/5F,3房2廳2衛,N
2018-12-07,1385.0,35.19,39.34,60.41%,住宅大樓,1,4F/14F,3房2廳2衛,N
2018-12-07,199.0,24.2,8.23,93.20%,公寓,37,1F/5F,3房1廳1衛,N
2018-12-06,850.0,28.0,30.38,88.33%,公寓,37,2F/5F,3房2廳2衛,N
2018-12-06,220.0,11.4,19.24,64.39%,華廈,37,5F/7F,,N
2018-12-06,340.0,35.0,9.71,55.22%,套房,21,3F/6F,1房1廳1衛,N
2018-12-06,1400.0,48.31,28.96,84.56%,公寓,41,5F/5F,4房2廳2衛,N
2018-12-06,1196.0,64.81,18.47,60.10%,住宅大樓,,11F/14F,1房2廳1衛,Y
2018-12-05,170.0,11.0,15.48,51.85%,套房,34,1F/9F,1房0廳1衛,N
2018-12-05,850.0,27.3,31.16,63.49%,住宅大樓,24,9F/11F,4房2廳2衛,N
2018-12-05,1046.0,61.81,16.92,55.15%,住宅大樓,,2F/14F,2房1廳1衛,N
2018-12-05,970.0,31.3,30.97,92.61%,公寓,40,4F/5F,4房2廳2衛,N
2018-12-05,900.0,36.41,24.74,100.00%,公寓,41,2F/5F,2房1廳1衛,N
2018-12-05,2000.0,55.91,35.8,59.31%,住宅大樓,,14F/15F,3房2廳2衛,Y
2018-12-04,440.0,54.19,8.13,61.39%,套房,14,14F/19F,1房1廳1衛,N
2018-12-04,519.0,49.91,10.4,70.57%,套房,19,3F/14F,1房0廳1衛,N
2018-12-04,120.0,20.2,5.94,,店面（店舖),3,1F/7F,,N
2018-12-04,9800.0,0.0,78.41,,透天厝,38,A/3F,10房3廳6衛,N
2018-12-03,1000.0,45.19,22.13,87.23%,公寓,38,2F/5F,5房0廳5衛,N
2018-12-03,830.0,31.3,26.49,66.23%,住宅大樓,23,5F/11F,3房2廳2衛,N
2018-12-03,770.0,24.2,31.87,76.51%,華廈,22,4F/6F,3房2廳2衛,N
2018-12-03,1000.0,33.41,29.93,86.47%,公寓,44,4F/4F,2房2廳1衛,N
2018-12-03,1185.0,62.41,18.98,53.71%,住宅大樓,,11F/14F,2房1廳1衛,N
2018-12-03,958.0,40.69,23.54,80.65%,公寓,38,5F/5F,3房2廳1衛,N
2018-12-03,705.0,30.09,23.38,81.15%,住宅大樓,18,2F/15F,3房2廳1衛,N
2018-12-02,250.0,12.8,19.5,72.11%,住宅大樓,19,13F/13F,2房1廳1衛,N
2018-12-02,1020.0,42.59,23.96,85.32%,公寓,42,2F/4F,3房2廳1衛,N
2018-12-02,1270.0,37.19,34.15,91.16%,公寓,34,2F/5F,4房2廳2衛,N
2018-12-02,490.0,20.5,23.93,77.68%,公寓,20,2F/4F,2房2廳1衛,N
2018-12-01,858.0,32.81,26.13,60.23%,住宅大樓,3,3F/11F,2房2廳1衛,N
2018-12-01,1060.0,39.09,27.13,86.51%,公寓,47,4F/4F,3房2廳1衛,N
2018-11-30,2499.0,60.5,41.32,63.23%,住宅大樓,,14F/15F,3房2廳2衛,Y
2018-11-30,250.0,20.91,11.98,69.57%,住宅大樓,25,3F/12F,3房2廳1衛,N
2018-11-30,400.0,16.2,24.63,87.98%,公寓,35,3F/4F,3房2廳1衛,N
2018-11-30,500.0,35.5,14.08,85.20%,住宅大樓,18,22F/22F,1房2廳1衛,N
2018-11-30,700.0,59.91,11.69,64.54%,套房,12,15F/18F,1房1廳1衛,N
2018-11-29,2750.0,53.41,51.47,58.86%,住宅大樓,6,2F/28F,3房2廳2衛,N
2018-11-29,980.0,34.91,28.04,61.42%,住宅大樓,1,4F/14F,2房1廳1衛,N
2018-11-29,740.0,32.41,22.82,65.07%,住宅大樓,4,5F/11F,2房2廳2衛,N
2018-11-29,1388.0,28.59,48.53,85.74%,華廈,23,2F/10F,3房2廳2衛,N
2018-11-29,3400.0,0.0,73.04,,透天厝,36,A/2F,5房3廳3衛,N
2018-11-29,1350.0,33.19,40.72,81.82%,公寓,31,3F/5F,3房2廳2衛,N
2018-11-29,3550.0,40.81,86.98,63.90%,住宅大樓,19,9F/36F,5房2廳2衛,N
2018-11-29,1100.0,0.0,85.37,,透天厝,29,A/3F,5房3廳3衛,N
2018-11-28,1182.0,64.0,18.47,60.10%,住宅大樓,,10F/14F,2房2廳1衛,Y
2018-11-28,1300.0,31.8,40.92,83.75%,華廈,24,10F/10F,4房2廳2衛,N
2018-11-28,2125.6,98.62,21.55,100.00%,公寓,52,1F/3F,2房1廳1衛,N
2018-11-28,2358.6,107.81,21.88,100.00%,公寓,52,1F/3F,2房1廳1衛,N
2018-11-28,1950.4,74.69,26.1,100.00%,公寓,52,2F/3F,2房1廳1衛,N
2018-11-28,1610.5,74.69,21.55,100.00%,公寓,52,2F/3F,2房1廳1衛,N
2018-11-28,1635.2,74.69,21.88,100.00%,公寓,52,2F/3F,2房1廳1衛,N
2018-11-28,1882.8,72.12,26.1,100.00%,公寓,52,3F/3F,2房1廳1衛,N
2018-11-28,1554.7,72.19,21.55,100.00%,公寓,52,3F/3F,2房1廳1衛,N
2018-11-28,1578.5,72.12,21.88,100.00%,公寓,52,3F/3F,2房1廳1衛,N
2018-11-28,880.0,33.59,26.21,87.83%,公寓,34,3F/5F,3房1廳1衛,N
2018-11-28,1200.0,39.0,30.74,90.03%,公寓,37,5F/5F,3房2廳2衛,N
2018-11-28,1500.0,34.81,43.15,100.00%,公寓,45,1F/4F,4房2廳2衛,N
2018-11-27,1180.0,38.91,30.31,86.45%,公寓,44,3F/4F,3房2廳1衛,N
2018-11-26,860.0,57.09,15.06,65.74%,套房,22,22F/25F,1房1廳1衛,N
2018-11-26,1592.6,45.0,35.38,56.01%,住宅大樓,2,6F/11F,2房2廳2衛,N
2018-11-26,1140.0,43.31,26.32,71.61%,住宅大樓,19,11F/13F,3房2廳2衛,N
2018-11-26,5800.0,0.0,110.03,,透天厝,4,A/3F,3房2廳2衛,N
2018-11-26,820.0,35.19,23.31,59.96%,住宅大樓,,4F/24F,1房1廳1衛,N
2018-11-26,800.0,24.09,33.24,62.77%,華廈,15,2F/10F,3房1廳2衛,N
2018-11-25,700.0,27.3,25.64,57.81%,華廈,,3F/6F,2房2廳1衛,Y
2018-11-25,1500.0,64.0,23.45,65.77%,住宅大樓,11,12F/15F,2房2廳1衛,N
2018-11-25,2416.0,34.69,69.53,,店面（店舖),30,1F/4F,1房1廳1衛,N
2018-11-25,1370.0,48.19,28.44,84.77%,公寓,46,4F/4F,3房2廳1衛,N
2018-11-25,940.0,32.0,29.41,87.55%,公寓,37,1F/5F,3房2廳2衛,N
2018-11-24,700.0,56.59,12.37,55.16%,套房,6,5F/210F,1房0廳1衛,N
2018-11-24,520.0,30.59,16.97,77.96%,套房,23,3F/6F,1房1廳1衛,N
2018-11-23,980.0,32.5,30.15,86.23%,公寓,44,3F/4F,3房2廳1衛,N
2018-11-23,1390.0,36.59,38.01,82.67%,公寓,30,3F/5F,3房2廳2衛,N
2018-11-23,1090.0,39.31,27.71,84.97%,公寓,46,2F/4F,3房1廳1衛,N
2018-11-23,920.0,28.5,32.23,84.68%,公寓,29,5F/5F,5房0廳5衛,N
2018-11-23,695.0,29.3,23.72,100.00%,公寓,38,2F/6F,2房2廳1衛,N
2018-11-22,1050.0,37.09,28.3,62.67%,住宅大樓,19,13F/18F,3房2廳1衛,N
2018-11-22,6350.0,0.0,43.75,,透天厝,,A/2F,4房2廳2衛,N
2018-11-22,1672.0,60.0,27.88,57.38%,住宅大樓,,11F/310F,2房2廳1衛,N
2018-11-22,1180.0,33.59,35.17,54.28%,華廈,1,2F/7F,2房2廳1衛,N
2018-11-21,1705.0,59.0,28.91,57.07%,住宅大樓,6,19F/210F,2房2廳1衛,N
2018-11-21,1238.0,41.31,29.99,86.33%,公寓,44,3F/4F,3房2廳2衛,N
2018-11-21,1250.0,38.91,32.11,65.01%,華廈,21,2F/10F,3房2廳2衛,N
2018-11-20,1620.0,60.31,26.87,66.90%,住宅大樓,10,8F/27F,2房2廳1衛,N
2018-11-20,1050.0,52.19,20.1,78.90%,住宅大樓,22,5F/14F,2房2廳1衛,N
2018-11-20,700.0,17.8,39.42,,華廈,14,8F/8F,3房2廳2衛,N
2018-11-20,580.0,30.5,19.02,70.14%,華廈,11,5F/7F,2房1廳1衛,N
2018-11-20,1150.0,0.0,43.89,,透天厝,33,A/3F,3房2廳3衛,N
2018-11-20,700.0,24.91,28.08,66.34%,住宅大樓,24,11F/12F,2房1廳1衛,N
2018-11-20,650.0,30.59,21.27,100.00%,公寓,40,4F/4F,3房2廳1衛,N
2018-11-20,1020.0,34.31,29.74,60.92%,住宅大樓,2,7F/12F,3房2廳2衛,N
2018-11-19,880.0,43.31,20.33,100.00%,華廈,40,4F/7F,2房2廳1衛,N
2018-11-19,6953.0,0.0,126.56,,透天厝,1,A/3F,4房2廳4衛,N
2018-11-19,965.0,37.09,26.02,93.57%,公寓,41,2F/4F,4房1廳2衛,N
2018-11-19,805.0,19.5,41.18,83.23%,公寓,35,2F/5F,4房2廳2衛,N
2018-11-18,1158.0,62.69,18.47,60.10%,住宅大樓,,7F/14F,2房1廳1衛,Y
2018-11-18,1160.0,62.81,18.47,60.10%,住宅大樓,,7F/14F,2房1廳1衛,Y
2018-11-18,1045.0,33.81,30.92,100.00%,公寓,,3F/4F,3房2廳1衛,N
2018-11-18,1060.0,38.09,27.82,78.61%,公寓,35,4F/5F,3房2廳2衛,N
2018-11-18,1268.0,43.81,28.98,64.33%,住宅大樓,19,2F/14F,3房2廳2衛,N
2018-11-18,1130.0,40.09,28.14,63.87%,住宅大樓,25,10F/12F,2房2廳1衛,N
2018-11-16,700.0,26.8,26.13,59.38%,華廈,,2F/6F,2房2廳1衛,Y
2018-11-16,655.0,43.19,15.17,66.12%,套房,6,7F/12F,1房1廳1衛,N
2018-11-16,5900.0,59.5,99.2,59.85%,住宅大樓,3,3F/28F,3房2廳3衛,N
2018-11-16,970.0,41.19,23.55,81.74%,公寓,40,4F/4F,3房2廳1衛,N
2018-11-16,1100.0,0.0,29.64,,透天厝,34,A/3F,5房2廳4衛,N
2018-11-15,1196.0,64.81,18.47,60.10%,住宅大樓,,11F/14F,1房2廳1衛,Y
2018-11-15,3700.0,0.0,70.17,,透天厝,33,A/2F,5房3廳3衛,N
2018-11-15,850.0,27.59,30.82,71.96%,華廈,25,7F/7F,3房2廳2衛,N
2018-11-15,488.0,27.7,17.63,78.47%,住宅大樓,27,10F/11F,1房1廳1衛,N
2018-11-15,1880.0,0.0,90.15,,透天厝,26,A/2F,6房2廳4衛,N
2018-11-15,630.0,22.59,27.81,66.56%,華廈,11,2F/8F,2房2廳1衛,N
2018-11-15,500.0,15.0,33.36,88.84%,公寓,34,4F/5F,3房2廳1衛,N
2018-11-14,730.0,27.91,26.13,59.38%,華廈,,6F/6F,2房2廳1衛,Y
2018-11-14,406.0,19.0,21.37,68.19%,住宅大樓,20,14F/15F,1房2廳1衛,N
2018-11-14,1623.0,47.31,34.29,72.32%,華廈,17,7F/7F,3房2廳2衛,N
2018-11-13,900.0,0.0,33.11,,透天厝,,A/2F,3房2廳2衛,N
2018-11-13,730.0,34.31,21.3,79.54%,住宅大樓,18,3F/22F,3房2廳2衛,N
2018-11-13,1262.5,47.09,26.82,100.00%,公寓,,1F/4F,3房2廳1衛,N
2018-11-12,1200.0,48.91,24.52,50.30%,住宅大樓,2,6F/24F,2房1廳1衛,N
2018-11-12,661.3,24.91,26.54,100.00%,公寓,42,1F/4F,3房2廳2衛,N
2018-11-12,1200.0,30.5,39.4,90.46%,公寓,32,1F/5F,3房2廳2衛,N
2018-11-12,920.0,24.3,37.89,81.20%,公寓,32,2F/5F,3房2廳2衛,N
2018-11-12,1388.0,53.5,25.93,58.49%,住宅大樓,6,6F/29F,0房2廳0衛,N
2018-11-12,570.0,23.41,24.35,100.00%,公寓,42,2F/4F,2房1廳1衛,N
2018-11-12,1500.0,60.5,24.79,81.21%,公寓,43,1F/4F,3房2廳2衛,N
2018-11-12,238.0,20.41,11.68,85.24%,公寓,36,4F/5F,3房2廳1衛,N
2018-11-12,580.0,19.91,29.1,90.34%,公寓,33,4F/5F,3房2廳2衛,N
2018-11-11,740.0,28.41,26.07,63.09%,住宅大樓,11,13F/14F,2房2廳1衛,N
2018-11-11,570.0,60.69,9.39,60.81%,套房,7,10F/13F,1房0廳1衛,N
2018-11-11,716.0,22.0,32.55,81.28%,公寓,32,5F/5F,3房2廳2衛,N
2018-11-10,1208.0,65.38,18.47,60.10%,住宅大樓,,12F/14F,2房1廳1衛,Y
2018-11-10,880.0,52.19,16.87,64.09%,住宅大樓,,4F/15F,1房1廳1衛,Y
2018-11-10,1575.0,60.5,26.03,60.17%,住宅大樓,,9F/18F,2房2廳1衛,Y
2018-11-10,700.0,46.19,15.16,76.39%,公寓,39,4F/5F,2房2廳1衛,N
2018-11-10,1020.0,31.2,32.68,86.84%,公寓,43,2F/4F,3房2廳2衛,N
2018-11-10,1380.0,35.31,39.09,59.20%,住宅大樓,8,6F/14F,3房2廳2衛,N
2018-11-09,1550.0,49.0,31.63,45.94%,華廈,8,1F/7F,2房1廳1衛,N
2018-11-09,1100.0,51.19,21.48,60.75%,住宅大樓,,3F/15F,2房2廳1衛,Y
2018-11-09,1138.0,31.59,36.02,74.00%,華廈,19,9F/9F,4房2廳2衛,N
2018-11-09,950.0,29.3,32.39,100.00%,公寓,41,1F/4F,3房2廳2衛,N
2018-11-09,1260.0,37.41,33.65,88.76%,公寓,44,4F/4F,3房2廳2衛,N
2018-11-08,1600.0,64.69,24.72,100.00%,公寓,40,1F/4F,2房2廳2衛,N
2018-11-08,1974.0,51.5,38.34,60.98%,住宅大樓,5,6F/14F,3房2廳2衛,N
2018-11-08,278.9,0.0,8.98,,透天厝,,A/1F,3房3廳1衛,N
2018-11-08,670.0,25.8,25.93,85.80%,公寓,40,4F/4F,3房2廳1衛,N
2018-11-07,1460.0,39.0,37.4,84.81%,公寓,40,3F/4F,3房2廳2衛,N
2018-11-07,750.0,64.19,11.69,64.54%,套房,12,17F/18F,1房1廳1衛,N
2018-11-07,256.1,13.3,19.28,100.00%,公寓,38,5F/5F,3房1廳1衛,N
2018-11-07,1100.0,34.09,32.26,89.11%,公寓,44,4F/4F,3房2廳2衛,N
2018-11-07,1780.0,67.12,26.52,57.56%,住宅大樓,5,3F/28F,2房2廳1衛,N
2018-11-07,1700.0,64.69,26.27,86.67%,公寓,42,1F/4F,3房1廳4衛,N
2018-11-06,1248.0,37.59,33.17,57.48%,住宅大樓,,6F/24F,2房2廳1衛,N
2018-11-06,1130.0,34.5,32.73,59.73%,住宅大樓,,3F/24F,2房2廳1衛,N
2018-11-06,1146.0,35.0,32.73,59.73%,住宅大樓,,8F/24F,2房2廳1衛,N
2018-11-06,1156.0,35.31,32.73,59.73%,住宅大樓,,7F/24F,2房2廳1衛,N
2018-11-06,1180.0,36.09,32.73,59.73%,住宅大樓,,8F/24F,2房2廳1衛,N
2018-11-06,851.0,36.5,23.31,59.96%,住宅大樓,,4F/24F,1房1廳1衛,N
2018-11-06,1115.0,36.81,30.28,58.65%,住宅大樓,,1F/24F,2房2廳1衛,N
2018-11-06,1600.0,37.19,43.05,59.78%,住宅大樓,,2F/22F,3房2廳2衛,N
2018-11-06,1408.0,34.5,40.8,62.68%,住宅大樓,,3F/24F,3房2廳2衛,N
2018-11-06,1190.0,0.0,55.98,,透天厝,29,A/4F,3房3廳3衛,N
2018-11-06,1285.0,38.09,33.74,57.55%,住宅大樓,,4F/24F,2房2廳1衛,N
2018-11-06,1155.0,38.09,30.28,58.65%,住宅大樓,,5F/24F,2房2廳1衛,N
2018-11-06,1166.0,38.5,30.28,58.65%,住宅大樓,,6F/24F,2房2廳1衛,N
2018-11-05,1985.0,61.5,32.27,59.00%,住宅大樓,,10F/14F,3房2廳2衛,Y
2018-11-05,972.0,57.59,16.87,64.09%,住宅大樓,,14F/15F,1房1廳1衛,Y
2018-11-05,1948.0,57.09,34.1,59.75%,住宅大樓,,14F/15F,3房2廳2衛,Y
2018-11-05,700.0,31.2,22.43,85.22%,公寓,39,3F/4F,3房2廳1衛,N
2018-11-05,850.0,0.0,29.4,,透天厝,5,A/3F,3房2廳2衛,N
2018-11-05,500.0,18.59,26.85,100.00%,公寓,46,1F/3F,0房1廳1衛,N
2018-11-05,400.0,17.91,22.33,87.46%,公寓,36,5F/5F,3房2廳1衛,N
2018-11-05,1227.0,50.69,24.2,59.79%,住宅大樓,6,2F/26F,2房1廳1衛,N
2018-11-04,920.0,28.7,32.07,91.11%,公寓,32,1F/5F,3房2廳2衛,N
2018-11-04,860.0,30.09,28.58,85.31%,公寓,38,5F/5F,3房2廳2衛,N
2018-11-04,2178.0,51.0,42.69,58.25%,住宅大樓,6,9F/210F,3房2廳2衛,N
2018-11-03,477.0,62.0,7.69,79.07%,套房,22,3F/24F,1房0廳1衛,N
2018-11-03,1260.0,41.5,30.37,84.27%,公寓,30,1F/5F,3房2廳2衛,N
2018-11-03,566.0,32.69,17.31,63.12%,住宅大樓,27,9F/11F,1房1廳1衛,N
2018-11-03,1100.0,45.19,24.32,100.00%,公寓,39,5F/5F,4房4廳4衛,N
2018-11-02,2688.0,22.09,121.76,,廠辦,39,5F/5F,,N
2018-11-02,880.0,30.09,29.2,67.74%,華廈,13,1F/9F,3房2廳2衛,N
2018-11-01,615.0,0.0,51.59,,透天厝,43,A/2F,4房3廳2衛,N
2018-11-01,1300.0,38.69,33.62,84.67%,公寓,46,4F/4F,3房2廳2衛,N
2018-11-01,900.0,36.31,24.82,100.00%,公寓,44,4F/4F,3房2廳1衛,N
2018-11-01,1198.0,39.81,30.1,77.65%,公寓,35,2F/5F,3房2廳2衛,N
